Sample,Site,Year,k13Class,crt_class,DCSBM_MAP1,DCSBM_MAP2,DCSBM_MAP3,DCSBM_Dahl1,DCSBM_Dahl2,DCSBM_Dahl3,SBM_MAP1,SBM_MAP2,SBM_MAP3,SBM_Dahl1,SBM1_Dahl2,SBM_Dahl3
PD0498-C,ETH,2011,R539T,no_nea,0,0,0,0,0,0,0,0,0,0,0,0
PD0500-C,ETH,2011,C580Y,no_nea,0,0,0,0,0,0,0,0,0,0,0,0
PD0501-C,ETH,2011,C580Y,no_nea,0,0,0,0,0,0,0,0,0,0,0,0
PD0502-C,ETH,2011,R539T,no_nea,0,0,0,0,0,0,0,0,0,0,0,0
PD0575-C,ETH,2012,R539T,no_nea,0,0,0,0,0,0,0,0,0,0,0,0
PD0578-C,ETH,2012,R539T,no_nea,0,0,0,0,0,0,0,0,0,0,0,0
PD0579-C,ETH,2012,R539T,no_nea,0,0,0,0,0,0,0,0,0,0,0,0
PD0580-C,ETH,2012,R539T,no_nea,0,0,0,0,0,0,0,0,0,0,0,0
PD0651-C,ETH,2012,C580Y,no_nea,0,0,0,0,0,0,0,0,0,0,0,0
PD0658-C,ETH,2012,R539T,no_nea,0,0,0,0,0,0,0,0,0,0,0,0
PD0659-C,ETH,2012,R539T,no_nea,0,0,0,0,0,0,0,0,0,0,0,0
PD0662-C,ETH,2012,R539T,no_nea,0,0,0,0,0,0,0,0,0,0,0,0
PD0663-C,ETH,2012,R539T,no_nea,0,0,0,0,0,0,0,0,0,0,0,0
PD0664-C,ETH,2012,R539T,no_nea,0,0,0,0,0,0,0,0,0,0,0,0
PD0668-C,ETH,2013,R539T,no_nea,0,0,0,0,0,0,0,0,0,0,0,0
PD0670-C,ETH,2013,R539T,no_nea,0,0,0,0,0,0,0,0,0,0,0,0
PD1584-C,ETH,2015,C580Y,het,15,12,18,15,12,18,16,0,16,0,0,0
PD1585-C,ETH,2015,C580Y,F145I,19,17,0,19,17,0,19,18,12,0,0,0
PD1586-C,ETH,2015,C580Y,F145I,5,5,8,5,5,8,18,6,21,0,0,0
PD1587-C,ETH,2015,C580Y,F145I,16,16,12,16,16,12,7,2,0,0,0,0
PD1588-C,ETH,2015,C580Y,F145I,16,16,12,16,16,12,7,2,0,0,0,0
PD1589-C,ETH,2015,C580Y,I218F,15,7,15,15,7,15,16,0,16,0,0,0
PD1590-C,ETH,2015,C580Y,H97Y,5,5,8,5,5,8,18,6,13,0,0,0
PD1593-C,ETH,2016,C580Y,F145I,16,16,12,16,16,12,7,2,0,0,0,0
PH0021-C,WKH,2007,WT,no_nea,0,0,0,0,0,0,0,0,0,0,0,0
PH0024-C,WKH,2007,Y493H,no_nea,0,0,0,0,0,0,0,0,0,0,0,0
PH0028-Cx,WKH,2007,R539T,no_nea,0,0,0,0,0,0,0,0,0,0,0,0
PH0042-C,WKH,2007,WT,missing,0,0,0,0,0,0,0,0,0,0,0,0
PH0043-C,WKH,2007,R539T,no_nea,0,0,0,0,0,0,0,0,0,0,0,0
PH0044-C,WKH,2008,C580Y,no_nea,0,0,0,0,0,0,0,0,0,0,0,0
PH0045-C,WKH,2008,C580Y,no_nea,0,0,0,0,0,0,0,0,0,0,0,0
PH0047-Cx,WKH,2009,WT,no_nea,0,0,0,0,0,0,0,0,0,0,0,0
PH0051-Cx,WKH,2009,R539T,no_nea,0,0,0,0,0,0,0,0,0,0,0,0
PH0055-C,WKH,2009,C580Y,no_nea,5,5,8,5,5,8,1,16,3,0,0,0
PH0057-C,WKH,2009,C580Y,no_nea,0,0,0,0,0,0,0,0,0,0,0,0
PH0059-C,WKH,2009,WT,no_nea,0,0,0,0,0,0,0,0,0,0,0,0
PH0064-C,WKH,2009,Y493H,no_nea,0,0,0,0,0,0,0,0,0,0,0,0
PH0105-C,WKH,2008,C580Y,no_nea,6,14,10,6,14,10,17,7,17,0,0,0
PH0109-C,WKH,2008,K13-other,no_nea,0,0,0,0,0,0,0,0,0,0,0,0
PH0110-C,WKH,2008,Y493H,no_nea,0,0,0,0,0,0,0,0,0,0,0,0
PH0111-C,WKH,2008,Y493H,no_nea,0,0,0,0,0,0,0,0,0,0,0,0
PH0112-C,WKH,2008,R539T,no_nea,0,0,0,0,0,0,0,0,0,0,0,0
PH0114-C,WKH,2008,C580Y,no_nea,0,0,0,0,0,0,0,0,0,0,0,0
PH0116-C,WKH,2008,Y493H,no_nea,0,0,0,0,0,0,0,0,0,0,0,0
PH0117-C,WKH,2008,R539T,no_nea,0,0,0,0,0,0,0,0,0,0,0,0
PH0118-C,WKH,2008,K13-other,no_nea,0,0,0,0,0,0,0,0,0,0,0,0
PH0121-CW,WKH,2008,C580Y,no_nea,0,0,0,0,0,0,0,0,0,0,0,0
PH0122-CW,WKH,2008,C580Y,no_nea,0,0,0,0,0,0,0,0,0,0,0,0
PH0123-CW,WKH,2008,K13-other,no_nea,0,0,0,0,0,0,0,0,0,0,0,0
PH0125-CW,WKH,2008,C580Y,no_nea,0,0,0,0,0,0,0,0,0,0,0,0
PH0126-CW,WKH,2008,C580Y,no_nea,6,14,10,6,14,10,17,7,17,0,0,0
PH0130-CW,WKH,2008,R539T,no_nea,0,0,0,0,0,0,0,0,0,0,0,0
PH0132-CW,WKH,2008,R539T,no_nea,0,0,0,0,0,0,0,0,0,0,0,0
PH0133-CW,WKH,2008,C580Y,no_nea,0,0,0,0,0,0,0,0,0,0,0,0
PH0134-C,WKH,2008,C580Y,no_nea,6,14,10,6,14,10,17,7,17,0,0,0
PH0136-C,WKH,2008,K13-other,no_nea,0,0,0,0,0,0,0,0,0,0,0,0
PH0137-C,WKH,2008,C580Y,no_nea,0,0,0,0,0,0,0,0,0,0,0,0
PH0138-CW,WKH,2008,WT,no_nea,0,0,0,0,0,0,0,0,0,0,0,0
PH0139-CW,WKH,2008,C580Y,no_nea,0,0,0,0,0,0,0,0,0,0,0,0
PH0140-CW,WKH,2008,C580Y,no_nea,0,0,0,0,0,0,0,0,0,0,0,0
PH0141-CW,WKH,2008,WT,no_nea,0,0,0,0,0,0,0,0,0,0,0,0
PH0142-CW,WKH,2008,WT,no_nea,0,0,0,0,0,0,0,0,0,0,0,0
PH0143-CW,WKH,2008,C580Y,no_nea,0,0,0,0,0,0,0,0,0,0,0,0
PH0144-CW,WKH,2008,C580Y,no_nea,0,0,0,0,0,0,0,0,0,0,0,0
PH0145-CW,WKH,2008,R539T,no_nea,0,0,0,0,0,0,0,0,0,0,0,0
PH0146-CW,WKH,2008,WT,no_nea,0,0,0,0,0,0,0,0,0,0,0,0
PH0147-CW,WKH,2008,C580Y,no_nea,6,14,10,6,14,10,17,7,17,0,0,0
PH0148-CW,WKH,2008,WT,no_nea,0,0,0,0,0,0,0,0,0,0,0,0
PH0149-CW,WKH,2008,C580Y,no_nea,0,0,0,0,0,0,0,0,0,0,0,0
PH0151-CW,WKH,2008,C580Y,no_nea,0,0,0,0,0,0,0,0,0,0,0,0
PH0152-CW,WKH,2008,Y493H,no_nea,0,0,0,0,0,0,0,0,0,0,0,0
PH0153-CW,WKH,2008,C580Y,no_nea,0,0,0,0,0,0,0,0,0,0,0,0
PH0155-C,WKH,2008,C580Y,missing,0,0,0,0,0,0,0,0,0,0,0,0
PH0156-C,WKH,2008,C580Y,no_nea,0,0,0,0,0,0,0,0,0,0,0,0
PH0157-C,WKH,2010,C580Y,I218F,11,7,15,11,7,15,9,11,14,0,0,0
PH0161-C,WKH,2010,C580Y,no_nea,5,5,8,5,5,8,1,16,3,0,0,0
PH0163-C,WKH,2010,WT,no_nea,0,0,0,0,0,0,0,0,0,0,0,0
PH0164-C,WKH,2010,WT,no_nea,0,0,0,0,0,0,0,0,0,0,0,0
PH0165-C,WKH,2010,C580Y,no_nea,5,5,8,5,5,8,1,16,3,0,0,0
PH0167-C,WKH,2010,WT,no_nea,0,0,0,0,0,0,0,0,0,0,0,0
PH0169-C,WKH,2010,C580Y,no_nea,5,5,8,5,5,8,1,16,3,0,0,0
PH0171-C,WKH,2010,C580Y,no_nea,0,0,0,0,0,0,0,0,0,0,0,0
PH0172-C,WKH,2010,C580Y,no_nea,0,0,0,0,0,0,0,0,0,0,0,0
PH0173-C,WKH,2010,C580Y,no_nea,0,0,0,0,0,0,0,0,0,0,0,0
PH0191-C,WKH,2010,Y493H,no_nea,0,0,0,0,0,0,0,0,0,0,0,0
PH0192-C,WKH,2010,Y493H,no_nea,0,0,0,0,0,0,0,0,0,0,0,0
PH0193-C,WKH,2010,WT,no_nea,0,0,0,0,0,0,0,0,0,0,0,0
PH0198-C,WKH,2010,R539T,no_nea,0,0,0,0,0,0,0,0,0,0,0,0
PH0199-C,WKH,2010,WT,no_nea,0,0,0,0,0,0,0,0,0,0,0,0
PH0200-C,WKH,2010,C580Y,no_nea,5,5,8,5,5,8,1,16,3,0,0,0
PH0201-C,NEKH,2010,WT,no_nea,0,0,0,0,0,0,0,0,0,0,0,0
PH0203-C,NEKH,2010,WT,no_nea,0,0,0,0,0,0,0,0,0,0,0,0
PH0206-C,WKH,2010,C580Y,no_nea,0,0,0,0,0,0,0,0,0,0,0,0
PH0207-C,WKH,2010,Y493H,no_nea,0,0,0,0,0,0,0,0,0,0,0,0
PH0208-C,WKH,2010,C580Y,no_nea,5,5,8,5,5,8,1,16,3,0,0,0
PH0209-C,WKH,2010,WT,no_nea,0,0,0,0,0,0,0,0,0,0,0,0
PH0210-C,WKH,2010,C580Y,I218F,11,7,15,11,7,15,9,11,14,0,0,0
PH0212-C,WKH,2010,C580Y,no_nea,2,1,3,2,1,3,14,8,20,0,0,0
PH0213-C,WKH,2010,C580Y,no_nea,5,5,8,5,5,8,1,16,3,0,0,0
PH0217-C,WKH,2009,C580Y,no_nea,6,14,10,6,14,10,17,7,17,0,0,0
PH0218-C,WKH,2009,C580Y,H97Y,4,19,19,4,19,19,11,14,15,0,0,0
PH0221-C,WKH,2009,C580Y,no_nea,4,19,19,4,19,19,11,14,15,0,0,0
PH0222-C,WKH,2009,R539T,no_nea,0,0,0,0,0,0,0,0,0,0,0,0
PH0224-C,WKH,2009,C580Y,no_nea,14,2,5,14,2,5,8,9,2,0,0,0
PH0225-C,WKH,2009,C580Y,no_nea,5,5,8,5,5,8,1,16,3,0,0,0
PH0227-C,WKH,2009,C580Y,no_nea,5,5,8,5,5,8,1,16,3,0,0,0
PH0228-C,WKH,2009,C580Y,no_nea,5,5,8,5,5,8,1,16,3,0,0,0
PH0229-C,WKH,2009,C580Y,no_nea,0,0,0,0,0,0,0,0,0,0,0,0
PH0232-C,WKH,2008,WT,no_nea,0,0,0,0,0,0,0,0,0,0,0,0
PH0234-C,WKH,2008,R539T,no_nea,0,0,0,0,0,0,0,0,0,0,0,0
PH0235-C,WKH,2008,WT,no_nea,0,0,0,0,0,0,0,0,0,0,0,0
PH0236-C,WKH,2008,C580Y,no_nea,6,14,10,6,14,10,17,7,17,0,0,0
PH0238-C,WKH,2010,C580Y,no_nea,5,5,8,5,5,8,1,16,3,0,0,0
PH0239-C,WKH,2010,Y493H,no_nea,0,0,0,0,0,0,0,0,0,0,0,0
PH0240-C,WKH,2010,C580Y,no_nea,0,0,0,0,0,0,0,0,0,0,0,0
PH0241-C,WKH,2010,C580Y,no_nea,6,14,10,6,14,10,17,7,17,0,0,0
PH0243-C,WKH,2010,Y493H,no_nea,0,0,0,0,0,0,0,0,0,0,0,0
PH0244-C,WKH,2010,Y493H,no_nea,0,0,0,0,0,0,0,0,0,0,0,0
PH0245-C,WKH,2010,Y493H,no_nea,0,0,0,0,0,0,0,0,0,0,0,0
PH0246-C,WKH,2010,C580Y,no_nea,0,0,0,0,0,0,0,0,0,0,0,0
PH0247-C,WKH,2010,Y493H,no_nea,0,0,0,0,0,0,0,0,0,0,0,0
PH0248-C,WKH,2010,Y493H,no_nea,0,0,0,0,0,0,0,0,0,0,0,0
PH0249-C,WKH,2010,Y493H,no_nea,0,0,0,0,0,0,0,0,0,0,0,0
PH0250-C,WKH,2010,R539T,no_nea,0,0,0,0,0,0,0,0,0,0,0,0
PH0251-C,WKH,2010,C580Y,no_nea,5,5,8,5,5,8,1,16,3,0,0,0
PH0252-C,WKH,2010,C580Y,no_nea,0,0,0,0,0,0,0,0,0,0,0,0
PH0253-C,WKH,2010,C580Y,no_nea,0,0,0,0,0,0,0,0,0,0,0,0
PH0278-CW,WKH,2010,C580Y,no_nea,0,0,0,0,0,0,0,0,0,0,0,0
PH0282-C,WKH,2010,Y493H,no_nea,0,0,0,0,0,0,0,0,0,0,0,0
PH0283-C,WKH,2010,WT,no_nea,0,0,0,0,0,0,0,0,0,0,0,0
PH0284-C,WKH,2010,C580Y,no_nea,5,5,8,5,5,8,1,16,3,0,0,0
PH0285-C,WKH,2010,C580Y,no_nea,5,5,8,5,5,8,1,16,3,0,0,0
PH0300-C,WKH,2010,C580Y,no_nea,5,5,8,5,5,8,1,16,3,0,0,0
PH0303-CW,WKH,2010,Y493H,no_nea,0,0,0,0,0,0,0,0,0,0,0,0
PH0305-C,WKH,2010,WT,no_nea,0,0,0,0,0,0,0,0,0,0,0,0
PH0306-C,WKH,2010,R539T,no_nea,0,0,0,0,0,0,0,0,0,0,0,0
PH0307-C,WKH,2010,C580Y,no_nea,5,5,8,5,5,8,18,6,13,0,0,0
PH0308-CW,WKH,2010,C580Y,no_nea,0,0,0,0,0,0,0,0,0,0,0,0
PH0321-C,WKH,2010,WT,no_nea,0,0,0,0,0,0,0,0,0,0,0,0
PH0322-C,WKH,2010,C580Y,no_nea,0,0,0,0,0,0,0,0,0,0,0,0
PH0325-C,WKH,2010,C580Y,no_nea,4,19,19,4,19,19,11,14,15,0,0,0
PH0326-C,WKH,2010,Y493H,no_nea,0,0,0,0,0,0,0,0,0,0,0,0
PH0327-C,WKH,2010,WT,no_nea,0,0,0,0,0,0,0,0,0,0,0,0
PH0329-C,WKH,2010,C580Y,no_nea,4,19,19,4,19,19,11,14,15,0,0,0
PH0335-C,WKH,2010,C580Y,no_nea,2,1,3,2,1,3,14,8,20,0,0,0
PH0337-C,WKH,2010,C580Y,no_nea,0,0,0,0,0,0,0,0,0,0,0,0
PH0338-C,WKH,2010,R539T,no_nea,0,0,0,0,0,0,0,0,0,0,0,0
PH0339-C,NEKH,2010,WT,no_nea,0,0,0,0,0,0,0,0,0,0,0,0
PH0342-C,NEKH,2010,WT,no_nea,0,0,0,0,0,0,0,0,0,0,0,0
PH0343-C,NEKH,2010,WT,no_nea,0,0,0,0,0,0,0,0,0,0,0,0
PH0344-C,NEKH,2010,WT,no_nea,0,0,0,0,0,0,0,0,0,0,0,0
PH0346-C,NEKH,2010,WT,no_nea,0,0,0,0,0,0,0,0,0,0,0,0
PH0347-C,NEKH,2010,WT,no_nea,0,0,0,0,0,0,0,0,0,0,0,0
PH0348-C,NEKH,2010,WT,no_nea,0,0,0,0,0,0,0,0,0,0,0,0
PH0349-C,NEKH,2010,WT,no_nea,0,0,0,0,0,0,0,0,0,0,0,0
PH0350-C,NEKH,2010,WT,no_nea,0,0,0,0,0,0,0,0,0,0,0,0
PH0352-C,NEKH,2010,WT,no_nea,0,0,0,0,0,0,0,0,0,0,0,0
PH0353-C,NEKH,2010,WT,no_nea,0,0,0,0,0,0,0,0,0,0,0,0
PH0354-C,NEKH,2010,WT,no_nea,0,0,0,0,0,0,0,0,0,0,0,0
PH0355-C,NEKH,2010,WT,no_nea,0,0,0,0,0,0,0,0,0,0,0,0
PH0356-C,NEKH,2010,WT,no_nea,0,0,0,0,0,0,0,0,0,0,0,0
PH0357-C,NEKH,2010,WT,no_nea,0,0,0,0,0,0,0,0,0,0,0,0
PH0358-C,NEKH,2010,WT,no_nea,0,0,0,0,0,0,0,0,0,0,0,0
PH0359-C,NEKH,2010,WT,no_nea,0,0,0,0,0,0,0,0,0,0,0,0
PH0360-C,NEKH,2010,WT,no_nea,0,0,0,0,0,0,0,0,0,0,0,0
PH0361-C,NEKH,2010,WT,no_nea,0,0,0,0,0,0,0,0,0,0,0,0
PH0362-C,NEKH,2010,WT,no_nea,0,0,0,0,0,0,0,0,0,0,0,0
PH0363-C,NEKH,2010,WT,no_nea,0,0,0,0,0,0,0,0,0,0,0,0
PH0364-C,NEKH,2010,WT,no_nea,0,0,0,0,0,0,0,0,0,0,0,0
PH0367-C,NEKH,2010,WT,no_nea,0,0,0,0,0,0,0,0,0,0,0,0
PH0370-C,NEKH,2010,WT,no_nea,0,0,0,0,0,0,0,0,0,0,0,0
PH0372-C,NEKH,2010,WT,no_nea,0,0,0,0,0,0,0,0,0,0,0,0
PH0373-C,NEKH,2010,WT,no_nea,0,0,0,0,0,0,0,0,0,0,0,0
PH0374-C,NEKH,2010,WT,no_nea,0,0,0,0,0,0,0,0,0,0,0,0
PH0375-C,NEKH,2010,WT,no_nea,0,0,0,0,0,0,0,0,0,0,0,0
PH0377-C,NEKH,2010,WT,no_nea,0,0,0,0,0,0,0,0,0,0,0,0
PH0381-C,NEKH,2010,WT,no_nea,0,0,0,0,0,0,0,0,0,0,0,0
PH0382-C,NEKH,2010,WT,no_nea,0,0,0,0,0,0,0,0,0,0,0,0
PH0387-C,WKH,2008,C580Y,no_nea,0,0,0,0,0,0,0,0,0,0,0,0
PH0389-C,WKH,2008,C580Y,no_nea,6,14,10,6,14,10,17,7,17,0,0,0
PH0390-C,WKH,2008,C580Y,missing,6,14,10,6,14,10,18,6,21,0,0,0
PH0391-C,WKH,2008,K13-other,no_nea,0,0,0,0,0,0,0,0,0,0,0,0
PH0392-C,WKH,2008,Y493H,no_nea,0,0,0,0,0,0,0,0,0,0,0,0
PH0393-C,WKH,2008,C580Y,no_nea,0,0,0,0,0,0,0,0,0,0,0,0
PH0394-C,WKH,2008,WT,missing,0,0,0,0,0,0,0,0,0,0,0,0
PH0395-C,WKH,2008,C580Y,missing,0,0,0,0,0,0,0,0,0,0,0,0
PH0396-C,WKH,2008,C580Y,no_nea,6,14,10,6,14,10,17,7,17,0,0,0
PH0398-C,WKH,2008,C580Y,no_nea,6,14,10,6,14,10,17,7,17,0,0,0
PH0400-C,WKH,2008,C580Y,no_nea,6,14,10,6,14,10,17,7,17,0,0,0
PH0403-C,WKH,2008,H719N,missing,0,0,0,0,0,0,0,0,0,0,0,0
PH0407-C,WKH,2008,C580Y,no_nea,6,14,10,6,14,10,17,7,17,0,0,0
PH0408-C,WKH,2008,WT,no_nea,0,0,0,0,0,0,0,0,0,0,0,0
PH0410-C,WKH,2008,R539T,no_nea,0,0,0,0,0,0,0,0,0,0,0,0
PH0411-C,WKH,2008,Y493H,no_nea,0,0,0,0,0,0,0,0,0,0,0,0
PH0412-C,WKH,2008,C580Y,missing,0,0,0,0,0,0,0,0,0,0,0,0
PH0416-C,WKH,2008,C580Y,no_nea,0,0,0,0,0,0,0,0,0,0,0,0
PH0418-C,WKH,2008,C580Y,no_nea,0,0,0,0,0,0,0,0,0,0,0,0
PH0421-C,WKH,2008,Y493H,no_nea,0,0,0,0,0,0,0,0,0,0,0,0
PH0422-CW,WKH,2008,C580Y,no_nea,6,14,10,6,14,10,17,7,17,0,0,0
PH0424-C,WKH,2008,C580Y,missing,6,14,10,6,14,10,17,7,17,0,0,0
PH0438-C,WKH,2008,C580Y,missing,0,0,0,0,0,0,0,0,0,0,0,0
PH0444-C,WKH,2008,Y493H,no_nea,0,0,0,0,0,0,0,0,0,0,0,0
PH0456-C,WKH,2010,Y493H,no_nea,0,0,0,0,0,0,0,0,0,0,0,0
PH0457-CW,WKH,2010,C580Y,no_nea,0,0,0,0,0,0,0,0,0,0,0,0
PH0458-CW,WKH,2010,C580Y,no_nea,5,5,8,5,5,8,1,16,3,0,0,0
PH0460-C,WKH,2010,C580Y,no_nea,5,5,8,5,5,8,1,16,3,0,0,0
PH0462-C,WKH,2010,WT,no_nea,0,0,0,0,0,0,0,0,0,0,0,0
PH0463-C,WKH,2010,C580Y,no_nea,5,5,8,5,5,8,1,16,3,0,0,0
PH0464-CW,WKH,2010,WT,no_nea,0,0,0,0,0,0,0,0,0,0,0,0
PH0466-C,WKH,2010,WT,no_nea,0,0,0,0,0,0,0,0,0,0,0,0
PH0467-CW,WKH,2010,C580Y,no_nea,0,0,0,0,0,0,0,0,0,0,0,0
PH0468-C,WKH,2010,WT,no_nea,0,0,0,0,0,0,0,0,0,0,0,0
PH0473-C,WKH,2010,WT,no_nea,0,0,0,0,0,0,0,0,0,0,0,0
PH0474-CW,WKH,2010,C580Y,no_nea,0,0,0,0,0,0,0,0,0,0,0,0
PH0476-C,WKH,2010,Y493H,no_nea,0,0,0,0,0,0,0,0,0,0,0,0
PH0479-CW,WKH,2010,C580Y,no_nea,5,5,8,5,5,8,1,16,3,0,0,0
PH0481-C,WKH,2010,C580Y,no_nea,0,0,0,0,0,0,0,0,0,0,0,0
PH0482-C,WKH,2010,C580Y,no_nea,5,5,8,5,5,8,1,16,3,0,0,0
PH0483-CW,WKH,2010,WT,no_nea,0,0,0,0,0,0,0,0,0,0,0,0
PH0484-C,WKH,2011,Y493H,no_nea,0,0,0,0,0,0,0,0,0,0,0,0
PH0485-C,WKH,2011,C580Y,no_nea,0,0,0,0,0,0,0,0,0,0,0,0
PH0486-C,WKH,2011,C580Y,no_nea,6,14,10,6,14,10,17,7,17,0,0,0
PH0487-C,WKH,2011,R539T,no_nea,0,0,0,0,0,0,0,0,0,0,0,0
PH0488-C,WKH,2011,WT,no_nea,0,0,0,0,0,0,0,0,0,0,0,0
PH0489-C,WKH,2011,WT,no_nea,0,0,0,0,0,0,0,0,0,0,0,0
PH0490-C,WKH,2011,Y493H,no_nea,0,0,0,0,0,0,0,0,0,0,0,0
PH0493-C,WKH,2010,Y493H,no_nea,0,0,0,0,0,0,0,0,0,0,0,0
PH0494-CW,WKH,2009,WT,no_nea,0,0,0,0,0,0,0,0,0,0,0,0
PH0498-C,WKH,2009,Y493H,no_nea,0,0,0,0,0,0,0,0,0,0,0,0
PH0500-CW,WKH,2009,K13-other,no_nea,0,0,0,0,0,0,0,0,0,0,0,0
PH0501-CW,WKH,2009,C580Y,no_nea,5,5,8,5,5,8,1,16,3,0,0,0
PH0502-C,NEKH,2011,WT,no_nea,0,0,0,0,0,0,0,0,0,0,0,0
PH0506-C,NEKH,2011,WT,no_nea,0,0,0,0,0,0,0,0,0,0,0,0
PH0507-C,NEKH,2011,WT,no_nea,0,0,0,0,0,0,0,0,0,0,0,0
PH0508-C,NEKH,2011,WT,no_nea,0,0,0,0,0,0,0,0,0,0,0,0
PH0513-C,NKH,2011,WT,no_nea,0,0,0,0,0,0,0,0,0,0,0,0
PH0514-C,NKH,2011,C580Y,no_nea,0,0,0,0,0,0,0,0,0,0,0,0
PH0516-C,NKH,2011,C580Y,no_nea,0,0,0,0,0,0,0,0,0,0,0,0
PH0517-C,NKH,2011,WT,no_nea,0,0,0,0,0,0,0,0,0,0,0,0
PH0518-C,NKH,2011,WT,no_nea,0,0,0,0,0,0,0,0,0,0,0,0
PH0519-C,NKH,2011,WT,no_nea,0,0,0,0,0,0,0,0,0,0,0,0
PH0520-C,NKH,2011,Y493H,no_nea,0,0,0,0,0,0,0,0,0,0,0,0
PH0521-C,NKH,2011,WT,no_nea,0,0,0,0,0,0,0,0,0,0,0,0
PH0522-C,NKH,2011,WT,missing,0,0,0,0,0,0,0,0,0,0,0,0
PH0523-C,NKH,2011,Y493H,no_nea,0,0,0,0,0,0,0,0,0,0,0,0
PH0524-C,NKH,2011,WT,no_nea,0,0,0,0,0,0,0,0,0,0,0,0
PH0525-C,NKH,2011,C580Y,no_nea,0,0,0,0,0,0,0,0,0,0,0,0
PH0526-C,WKH,2011,WT,missing,0,0,0,0,0,0,0,0,0,0,0,0
PH0527-C,WKH,2011,C580Y,no_nea,5,5,8,5,5,8,1,16,3,0,0,0
PH0528-C,WKH,2011,C580Y,no_nea,0,0,0,0,0,0,0,0,0,0,0,0
PH0529-C,WKH,2011,C580Y,no_nea,0,0,0,0,0,0,0,0,0,0,0,0
PH0530-C,WKH,2011,R539T,no_nea,0,0,0,0,0,0,0,0,0,0,0,0
PH0531-C,WKH,2011,Y493H,no_nea,0,0,0,0,0,0,0,0,0,0,0,0
PH0532-C,WKH,2011,R539T,no_nea,0,0,0,0,0,0,0,0,0,0,0,0
PH0533-C,WKH,2011,C580Y,no_nea,5,5,8,5,5,8,1,16,3,0,0,0
PH0534-C,WKH,2011,C580Y,no_nea,0,0,0,0,0,0,0,0,0,0,0,0
PH0537-C,WKH,2011,R539T,no_nea,0,0,0,0,0,0,0,0,0,0,0,0
PH0538-C,WKH,2011,C580Y,no_nea,0,0,0,0,0,0,0,0,0,0,0,0
PH0539-C,WKH,2011,C580Y,no_nea,5,5,8,5,5,8,1,16,3,0,0,0
PH0540-C,WKH,2011,C580Y,no_nea,5,5,8,5,5,8,1,16,3,0,0,0
PH0541-C,WKH,2011,C580Y,no_nea,4,19,19,4,19,19,11,14,15,0,0,0
PH0542-C,WKH,2011,WT,no_nea,0,0,0,0,0,0,0,0,0,0,0,0
PH0544-C,WKH,2011,C580Y,no_nea,0,0,0,0,0,0,0,0,0,0,0,0
PH0551-C,WKH,2011,C580Y,no_nea,4,19,19,4,19,19,11,14,15,0,0,0
PH0552-C,WKH,2011,C580Y,no_nea,5,5,8,5,5,8,1,16,3,0,0,0
PH0553-C,WKH,2011,C580Y,no_nea,0,0,0,0,0,0,0,0,0,0,0,0
PH0554-C,WKH,2011,C580Y,no_nea,0,0,0,0,0,0,0,0,0,0,0,0
PH0555-C,WKH,2011,WT,no_nea,0,0,0,0,0,0,0,0,0,0,0,0
PH0556-C,WKH,2011,C580Y,no_nea,5,5,8,5,5,8,18,6,13,0,0,0
PH0558-C,WKH,2011,C580Y,no_nea,0,0,0,0,0,0,0,0,0,0,0,0
PH0559-C,WKH,2011,C580Y,no_nea,0,0,0,0,0,0,0,0,0,0,0,0
PH0560-C,WKH,2011,C580Y,no_nea,4,19,19,4,19,19,11,14,15,0,0,0
PH0561-C,WKH,2011,C580Y,no_nea,0,0,0,0,0,0,0,0,0,0,0,0
PH0562-C,WKH,2011,C580Y,no_nea,4,19,19,4,19,19,11,14,15,0,0,0
PH0563-C,WKH,2011,C580Y,no_nea,4,19,19,4,19,19,11,14,15,0,0,0
PH0565-C,WKH,2011,C580Y,no_nea,6,14,10,6,14,10,17,7,17,0,0,0
PH0566-C,WKH,2011,C580Y,no_nea,4,19,19,4,19,19,11,14,15,0,0,0
PH0569-C,WKH,2011,WT,no_nea,0,0,0,0,0,0,0,0,0,0,0,0
PH0570-C,WKH,2011,C580Y,I218F,11,7,15,11,7,15,9,11,14,0,0,0
PH0571-C,WKH,2011,WT,no_nea,0,0,0,0,0,0,0,0,0,0,0,0
PH0576-C,WKH,2011,C580Y,no_nea,0,0,0,0,0,0,0,0,0,0,0,0
PH0578-C,WKH,2011,C580Y,no_nea,5,5,8,5,5,8,1,16,3,0,0,0
PH0579-C,WKH,2011,R539T,missing,0,0,0,0,0,0,0,0,0,0,0,0
PH0584-C,WKH,2011,C580Y,no_nea,6,14,10,6,14,10,17,7,17,0,0,0
PH0585-C,NKH,2011,WT,no_nea,0,0,0,0,0,0,0,0,0,0,0,0
PH0586-C,NKH,2011,C580Y,no_nea,0,0,0,0,0,0,0,0,0,0,0,0
PH0587-C,NKH,2011,C580Y,no_nea,0,0,0,0,0,0,0,0,0,0,0,0
PH0589-C,NKH,2011,WT,no_nea,0,0,0,0,0,0,0,0,0,0,0,0
PH0592-C,NKH,2011,WT,no_nea,0,0,0,0,0,0,0,0,0,0,0,0
PH0593-C,NKH,2011,WT,no_nea,0,0,0,0,0,0,0,0,0,0,0,0
PH0596-C,NKH,2011,C580Y,no_nea,0,0,0,0,0,0,0,0,0,0,0,0
PH0597-C,NKH,2011,WT,no_nea,0,0,0,0,0,0,0,0,0,0,0,0
PH0598-C,NKH,2011,WT,no_nea,0,0,0,0,0,0,0,0,0,0,0,0
PH0599-C,NKH,2011,WT,no_nea,0,0,0,0,0,0,0,0,0,0,0,0
PH0600-C,NKH,2011,WT,no_nea,0,0,0,0,0,0,0,0,0,0,0,0
PH0601-C,NKH,2011,WT,no_nea,0,0,0,0,0,0,0,0,0,0,0,0
PH0602-C,NKH,2011,C580Y,no_nea,0,0,0,0,0,0,0,0,0,0,0,0
PH0604-C,NKH,2011,WT,no_nea,0,0,0,0,0,0,0,0,0,0,0,0
PH0605-C,NKH,2011,WT,no_nea,0,0,0,0,0,0,0,0,0,0,0,0
PH0608-C,NKH,2011,WT,missing,0,0,0,0,0,0,0,0,0,0,0,0
PH0609-C,NKH,2011,WT,no_nea,0,0,0,0,0,0,0,0,0,0,0,0
PH0610-C,NKH,2011,WT,no_nea,0,0,0,0,0,0,0,0,0,0,0,0
PH0611-C,NKH,2011,C580Y,no_nea,0,0,0,0,0,0,0,0,0,0,0,0
PH0617-C,NEKH,2011,WT,no_nea,0,0,0,0,0,0,0,0,0,0,0,0
PH0619-C,NEKH,2011,WT,no_nea,0,0,0,0,0,0,0,0,0,0,0,0
PH0621-C,NEKH,2011,WT,no_nea,0,0,0,0,0,0,0,0,0,0,0,0
PH0623-C,NEKH,2011,WT,no_nea,0,0,0,0,0,0,0,0,0,0,0,0
PH0624-C,NEKH,2011,WT,no_nea,0,0,0,0,0,0,0,0,0,0,0,0
PH0625-C,NEKH,2011,WT,no_nea,0,0,0,0,0,0,0,0,0,0,0,0
PH0626-C,NEKH,2011,WT,no_nea,0,0,0,0,0,0,0,0,0,0,0,0
PH0630-C,NEKH,2011,WT,no_nea,0,0,0,0,0,0,0,0,0,0,0,0
PH0631-C,NEKH,2011,WT,no_nea,0,0,0,0,0,0,0,0,0,0,0,0
PH0632-C,NEKH,2011,WT,no_nea,0,0,0,0,0,0,0,0,0,0,0,0
PH0633-C,NEKH,2011,WT,no_nea,0,0,0,0,0,0,0,0,0,0,0,0
PH0636-C,NEKH,2011,WT,no_nea,0,0,0,0,0,0,0,0,0,0,0,0
PH0638-C,NEKH,2011,K13-other,no_nea,0,0,0,0,0,0,0,0,0,0,0,0
PH0639-C,NEKH,2011,WT,no_nea,0,0,0,0,0,0,0,0,0,0,0,0
PH0640-C,NEKH,2011,WT,no_nea,0,0,0,0,0,0,0,0,0,0,0,0
PH0644-C,NEKH,2011,WT,no_nea,0,0,0,0,0,0,0,0,0,0,0,0
PH0647-C,NEKH,2011,WT,no_nea,0,0,0,0,0,0,0,0,0,0,0,0
PH0650-C,NEKH,2011,WT,no_nea,0,0,0,0,0,0,0,0,0,0,0,0
PH0676-C,WKH,2011,C580Y,no_nea,0,0,0,0,0,0,0,0,0,0,0,0
PH0677-C,WKH,2011,C580Y,no_nea,0,0,0,0,0,0,0,0,0,0,0,0
PH0678-C,WKH,2011,WT,no_nea,0,0,0,0,0,0,0,0,0,0,0,0
PH0679-C,WKH,2011,WT,no_nea,0,0,0,0,0,0,0,0,0,0,0,0
PH0680-C,WKH,2011,C580Y,missing,0,0,0,0,0,0,0,0,0,0,0,0
PH0682-C,WKH,2011,C580Y,no_nea,5,5,8,5,5,8,1,16,3,0,0,0
PH0684-C,WKH,2011,C580Y,missing,11,7,15,11,7,15,9,11,14,0,0,0
PH0685-C,WKH,2011,C580Y,no_nea,0,0,0,0,0,0,0,0,0,0,0,0
PH0686-C,WKH,2011,C580Y,no_nea,2,1,3,2,1,3,14,8,20,0,0,0
PH0687-C,WKH,2011,R539T,no_nea,0,0,0,0,0,0,0,0,0,0,0,0
PH0692-C,WKH,2011,C580Y,no_nea,5,5,8,5,5,8,1,16,3,0,0,0
PH0694-C,WKH,2011,C580Y,no_nea,5,5,8,5,5,8,1,16,3,0,0,0
PH0695-C,WKH,2011,C580Y,missing,2,1,3,2,1,3,14,8,20,0,0,0
PH0696-C,WKH,2011,R539T,no_nea,0,0,0,0,0,0,0,0,0,0,0,0
PH0697-C,WKH,2011,C580Y,no_nea,0,0,0,0,0,0,0,0,0,0,0,0
PH0700-C,WKH,2011,R539T,no_nea,0,0,0,0,0,0,0,0,0,0,0,0
PH0701-C,WKH,2011,C580Y,no_nea,4,19,19,4,19,19,18,6,21,0,0,0
PH0702-C,WKH,2011,C580Y,no_nea,2,1,3,2,1,3,14,8,20,0,0,0
PH0703-C,WKH,2011,C580Y,missing,0,0,0,0,0,0,0,0,0,0,0,0
PH0706-C,WKH,2011,C580Y,missing,0,0,0,0,0,0,0,0,0,0,0,0
PH0708-C,WKH,2011,C580Y,no_nea,10,9,14,10,9,14,13,19,9,0,0,0
PH0709-C,WKH,2011,WT,no_nea,0,0,0,0,0,0,0,0,0,0,0,0
PH0712-C,WKH,2011,C580Y,no_nea,0,0,0,0,0,0,0,0,0,0,0,0
PH0716-C,WKH,2011,C580Y,I218F,11,7,15,11,7,15,9,11,14,0,0,0
PH0718-C,WKH,2011,C580Y,no_nea,0,0,0,0,0,0,0,0,0,0,0,0
PH0719-C,WKH,2011,C580Y,no_nea,0,0,0,0,0,0,0,0,0,0,0,0
PH0722-C,WKH,2011,C580Y,no_nea,0,0,0,0,0,0,0,0,0,0,0,0
PH0723-C,WKH,2011,C580Y,no_nea,5,5,8,5,5,8,1,16,3,0,0,0
PH0727-C,NKH,2011,WT,no_nea,0,0,0,0,0,0,0,0,0,0,0,0
PH0728-C,NKH,2011,C580Y,no_nea,0,0,0,0,0,0,0,0,0,0,0,0
PH0729-C,NKH,2011,WT,no_nea,0,0,0,0,0,0,0,0,0,0,0,0
PH0731-C,NKH,2011,R539T,no_nea,0,0,0,0,0,0,0,0,0,0,0,0
PH0732-C,NKH,2011,WT,no_nea,0,0,0,0,0,0,0,0,0,0,0,0
PH0737-C,NKH,2011,WT,no_nea,0,0,0,0,0,0,0,0,0,0,0,0
PH0738-C,NKH,2011,Y493H,no_nea,0,0,0,0,0,0,0,0,0,0,0,0
PH0739-C,NKH,2011,WT,no_nea,0,0,0,0,0,0,0,0,0,0,0,0
PH0742-C,NKH,2011,WT,no_nea,0,0,0,0,0,0,0,0,0,0,0,0
PH0743-C,NKH,2011,WT,no_nea,0,0,0,0,0,0,0,0,0,0,0,0
PH0745-C,NKH,2011,R539T,missing,0,0,0,0,0,0,0,0,0,0,0,0
PH0746-C,NKH,2011,WT,no_nea,0,0,0,0,0,0,0,0,0,0,0,0
PH0752-C,NKH,2011,WT,no_nea,0,0,0,0,0,0,0,0,0,0,0,0
PH0753-Cx,NKH,2011,C580Y,no_nea,0,0,0,0,0,0,0,0,0,0,0,0
PH0754-C,NKH,2011,WT,no_nea,0,0,0,0,0,0,0,0,0,0,0,0
PH0755-C,NKH,2011,C580Y,no_nea,0,0,0,0,0,0,0,0,0,0,0,0
PH0757-C,NKH,2011,C580Y,no_nea,0,0,0,0,0,0,0,0,0,0,0,0
PH0758-C,NKH,2011,WT,missing,0,0,0,0,0,0,0,0,0,0,0,0
PH0759-C,NKH,2011,WT,missing,0,0,0,0,0,0,0,0,0,0,0,0
PH0761-C,NKH,2011,WT,no_nea,0,0,0,0,0,0,0,0,0,0,0,0
PH0762-Cx,NKH,2011,WT,no_nea,0,0,0,0,0,0,0,0,0,0,0,0
PH0764-C,NEKH,2011,WT,no_nea,0,0,0,0,0,0,0,0,0,0,0,0
PH0765-C,NEKH,2011,WT,no_nea,0,0,0,0,0,0,0,0,0,0,0,0
PH0770-C,NEKH,2011,WT,missing,0,0,0,0,0,0,0,0,0,0,0,0
PH0772-C,NEKH,2011,WT,no_nea,0,0,0,0,0,0,0,0,0,0,0,0
PH0773-Cx,NEKH,2011,WT,no_nea,0,0,0,0,0,0,0,0,0,0,0,0
PH0775-Cx,NEKH,2011,WT,no_nea,0,0,0,0,0,0,0,0,0,0,0,0
PH0776-C,NEKH,2011,WT,no_nea,0,0,0,0,0,0,0,0,0,0,0,0
PH0778-C,NEKH,2011,WT,no_nea,0,0,0,0,0,0,0,0,0,0,0,0
PH0780-C,NEKH,2011,WT,no_nea,0,0,0,0,0,0,0,0,0,0,0,0
PH0783-C,NEKH,2011,WT,no_nea,0,0,0,0,0,0,0,0,0,0,0,0
PH0784-C,NEKH,2011,C580Y,no_nea,0,0,0,0,0,0,0,0,0,0,0,0
PH0785-Cx,NEKH,2011,WT,no_nea,0,0,0,0,0,0,0,0,0,0,0,0
PH0788-C,NEKH,2011,WT,no_nea,0,0,0,0,0,0,0,0,0,0,0,0
PH0789-C,NEKH,2011,WT,no_nea,0,0,0,0,0,0,0,0,0,0,0,0
PH0790-C,NEKH,2011,WT,no_nea,0,0,0,0,0,0,0,0,0,0,0,0
PH0793-C,NEKH,2011,WT,no_nea,0,0,0,0,0,0,0,0,0,0,0,0
PH0794-C,NEKH,2011,WT,no_nea,0,0,0,0,0,0,0,0,0,0,0,0
PH0795-C,NEKH,2011,WT,no_nea,0,0,0,0,0,0,0,0,0,0,0,0
PH0797-C,NEKH,2011,WT,no_nea,0,0,0,0,0,0,0,0,0,0,0,0
PH0801-C,NEKH,2011,WT,no_nea,0,0,0,0,0,0,0,0,0,0,0,0
PH0805-C,NEKH,2011,WT,missing,0,0,0,0,0,0,0,0,0,0,0,0
PH0807-C,NEKH,2011,WT,missing,0,0,0,0,0,0,0,0,0,0,0,0
PH0810-C,NEKH,2011,WT,no_nea,0,0,0,0,0,0,0,0,0,0,0,0
PH0813-C,NEKH,2011,WT,no_nea,0,0,0,0,0,0,0,0,0,0,0,0
PH0818-C,WKH,2011,C580Y,no_nea,6,14,10,6,14,10,17,7,17,0,0,0
PH0819-C,WKH,2011,C580Y,H97Y,0,0,0,0,0,0,0,0,0,0,0,0
PH0820-C,WKH,2011,C580Y,H97Y,0,0,0,0,0,0,0,0,0,0,0,0
PH0822-C,WKH,2011,C580Y,no_nea,5,5,8,5,5,8,1,16,3,0,0,0
PH0823-C,WKH,2011,C580Y,H97Y,0,0,0,0,0,0,0,0,0,0,0,0
PH0825-C,WKH,2011,C580Y,I218F,11,7,15,11,7,15,9,11,14,0,0,0
PH0826-C,WKH,2011,C580Y,no_nea,6,14,10,6,14,10,17,7,17,0,0,0
PH0828-C,WKH,2011,C580Y,H97Y,0,0,0,0,0,0,0,0,0,0,0,0
PH0829-C,WKH,2011,C580Y,I218F,11,7,15,11,7,15,9,11,14,0,0,0
PH0830-C,WKH,2011,C580Y,no_nea,4,19,19,4,19,19,11,14,15,0,0,0
PH0831-C,WKH,2011,C580Y,no_nea,6,14,10,6,14,10,17,7,17,0,0,0
PH0832-C,WKH,2011,R539T,no_nea,0,0,0,0,0,0,0,0,0,0,0,0
PH0833-C,WKH,2011,C580Y,no_nea,6,14,10,6,14,10,17,7,17,0,0,0
PH0834-C,WKH,2011,C580Y,no_nea,0,0,0,0,0,0,0,0,0,0,0,0
PH0835-C,WKH,2011,C580Y,no_nea,5,5,8,5,5,8,1,16,3,0,0,0
PH0837-C,WKH,2011,C580Y,no_nea,6,14,10,6,14,10,17,7,17,0,0,0
PH0838-C,WKH,2011,C580Y,no_nea,5,5,8,5,5,8,1,16,3,0,0,0
PH0839-C,WKH,2011,C580Y,H97Y,0,0,0,0,0,0,0,0,0,0,0,0
PH0840-C,WKH,2011,C580Y,H97Y,0,0,0,0,0,0,0,0,0,0,0,0
PH0842-C,WKH,2011,C580Y,no_nea,0,0,0,0,0,0,0,0,0,0,0,0
PH0843-C,WKH,2011,C580Y,no_nea,0,0,0,0,0,0,0,0,0,0,0,0
PH0844-C,WKH,2011,C580Y,no_nea,0,0,0,0,0,0,0,0,0,0,0,0
PH0845-C,WKH,2011,C580Y,no_nea,5,5,8,5,5,8,1,16,3,0,0,0
PH0846-C,WKH,2011,C580Y,no_nea,5,5,8,5,5,8,1,16,3,0,0,0
PH0847-C,WKH,2011,C580Y,no_nea,6,14,10,6,14,10,17,7,17,0,0,0
PH0848-C,WKH,2011,WT,no_nea,0,0,0,0,0,0,0,0,0,0,0,0
PH0850-C,WKH,2011,C580Y,no_nea,6,14,10,6,14,10,17,7,17,0,0,0
PH0851-C,WKH,2011,C580Y,no_nea,5,5,8,5,5,8,1,16,3,0,0,0
PH0852-C,WKH,2011,I543T,no_nea,0,0,0,0,0,0,0,0,0,0,0,0
PH0853-C,WKH,2011,I543T,no_nea,0,0,0,0,0,0,0,0,0,0,0,0
PH0854-C,WKH,2011,C580Y,no_nea,6,14,10,6,14,10,17,7,17,0,0,0
PH0855-C,WKH,2011,C580Y,no_nea,6,14,10,6,14,10,17,7,17,0,0,0
PH0856-C,WKH,2011,C580Y,no_nea,0,0,0,0,0,0,0,0,0,0,0,0
PH0858-C,WKH,2011,C580Y,no_nea,6,14,10,6,14,10,17,7,17,0,0,0
PH0865-C,NKH,2012,WT,no_nea,0,0,0,0,0,0,0,0,0,0,0,0
PH0866-C,NKH,2012,WT,no_nea,0,0,0,0,0,0,0,0,0,0,0,0
PH0868-Cx,NKH,2012,C580Y,I218F,11,7,15,11,7,15,9,11,14,0,0,0
PH0870-C,NKH,2012,C580Y,I218F,11,7,15,11,7,15,9,11,14,0,0,0
PH0871-C,NKH,2012,WT,no_nea,0,0,0,0,0,0,0,0,0,0,0,0
PH0872-C,NKH,2012,WT,no_nea,0,0,0,0,0,0,0,0,0,0,0,0
PH0874-Cx,NKH,2012,C580Y,I218F,11,7,15,11,7,15,9,11,14,0,0,0
PH0875-C,NKH,2012,WT,no_nea,0,0,0,0,0,0,0,0,0,0,0,0
PH0877-C,NEKH,2012,WT,no_nea,0,0,0,0,0,0,0,0,0,0,0,0
PH0878-C,NEKH,2012,WT,no_nea,0,0,0,0,0,0,0,0,0,0,0,0
PH0879-C,NEKH,2012,WT,no_nea,0,0,0,0,0,0,0,0,0,0,0,0
PH0880-C,NEKH,2012,WT,no_nea,0,0,0,0,0,0,0,0,0,0,0,0
PH0885-Cx,NEKH,2012,WT,no_nea,0,0,0,0,0,0,0,0,0,0,0,0
PH0886-C,WKH,2011,C580Y,no_nea,6,14,10,6,14,10,17,7,17,0,0,0
PH0887-C,WKH,2011,C580Y,no_nea,0,0,0,0,0,0,0,0,0,0,0,0
PH0888-C,WKH,2011,C580Y,no_nea,6,14,10,6,14,10,17,7,17,0,0,0
PH0889-C,WKH,2011,C580Y,no_nea,6,14,10,6,14,10,17,7,17,0,0,0
PH0890-C,WKH,2011,C580Y,no_nea,6,14,10,6,14,10,17,7,17,0,0,0
PH0891-Cx,WKH,2011,C580Y,no_nea,6,14,10,6,14,10,17,7,17,0,0,0
PH0894-C,WKH,2012,C580Y,no_nea,0,0,0,0,0,0,0,0,0,0,0,0
PH0895-C,WKH,2012,WT,no_nea,0,0,0,0,0,0,0,0,0,0,0,0
PH0896-C,WKH,2012,C580Y,no_nea,6,14,10,6,14,10,17,7,17,0,0,0
PH0899-C,WKH,2012,C580Y,no_nea,6,14,10,6,14,10,17,7,17,0,0,0
PH0900-C,WKH,2012,C580Y,no_nea,6,14,10,6,14,10,17,7,17,0,0,0
PH0901-C,WKH,2012,C580Y,no_nea,6,14,10,6,14,10,17,7,17,0,0,0
PH0902-C,WKH,2012,C580Y,H97Y,4,19,19,4,19,19,11,14,15,0,0,0
PH0904-C,WKH,2012,C580Y,no_nea,6,14,10,6,14,10,17,7,17,0,0,0
PH0907-C,WKH,2012,C580Y,no_nea,6,14,10,6,14,10,17,7,17,0,0,0
PH0908-C,WKH,2012,C580Y,no_nea,6,14,10,6,14,10,17,7,17,0,0,0
PH0909-C,WKH,2012,C580Y,H97Y,4,19,19,4,19,19,11,14,15,0,0,0
PH0910-C,WKH,2012,C580Y,no_nea,6,14,10,6,14,10,17,7,17,0,0,0
PH0912-C,WKH,2012,C580Y,no_nea,6,14,10,6,14,10,17,7,17,0,0,0
PH0915-C,WKH,2012,C580Y,no_nea,6,14,10,6,14,10,17,7,17,0,0,0
PH0920-Cx,WKH,2012,C580Y,no_nea,4,19,19,4,19,19,11,14,15,0,0,0
PH0923-Cx,NKH,2012,WT,missing,0,0,0,0,0,0,0,0,0,0,0,0
PH0924-C,NKH,2012,WT,no_nea,0,0,0,0,0,0,0,0,0,0,0,0
PH0925-C,NKH,2012,WT,no_nea,0,0,0,0,0,0,0,0,0,0,0,0
PH0927-C,NKH,2012,WT,no_nea,0,0,0,0,0,0,0,0,0,0,0,0
PH0928-C,NKH,2012,WT,no_nea,0,0,0,0,0,0,0,0,0,0,0,0
PH0929-C,NKH,2012,WT,no_nea,0,0,0,0,0,0,0,0,0,0,0,0
PH0931-C,NKH,2012,WT,no_nea,0,0,0,0,0,0,0,0,0,0,0,0
PH0932-C,NKH,2012,WT,no_nea,0,0,0,0,0,0,0,0,0,0,0,0
PH0933-C,NEKH,2012,WT,no_nea,0,0,0,0,0,0,0,0,0,0,0,0
PH0936-C,NEKH,2012,WT,no_nea,0,0,0,0,0,0,0,0,0,0,0,0
PH0937-C,NEKH,2012,WT,no_nea,0,0,0,0,0,0,0,0,0,0,0,0
PH0939-C,NEKH,2012,WT,no_nea,0,0,0,0,0,0,0,0,0,0,0,0
PH0942-Cx,NEKH,2012,WT,no_nea,0,0,0,0,0,0,0,0,0,0,0,0
PH0959-Cx,WKH,2012,C580Y,no_nea,0,0,0,0,0,0,0,0,0,0,0,0
PH0961-Cx,WKH,2012,C580Y,no_nea,0,0,0,0,0,0,0,0,0,0,0,0
PH0964-Cx,WKH,2012,C580Y,no_nea,0,0,0,0,0,0,0,0,0,0,0,0
PH0971-C,NEKH,2012,WT,no_nea,0,0,0,0,0,0,0,0,0,0,0,0
PH0976-C,NKH,2012,WT,no_nea,0,0,0,0,0,0,0,0,0,0,0,0
PH0979-C,NKH,2012,WT,no_nea,0,0,0,0,0,0,0,0,0,0,0,0
PH0980-C,NKH,2012,WT,no_nea,0,0,0,0,0,0,0,0,0,0,0,0
PH0981-C,NKH,2012,WT,no_nea,0,0,0,0,0,0,0,0,0,0,0,0
PH0982-C,NKH,2012,WT,no_nea,0,0,0,0,0,0,0,0,0,0,0,0
PH0983-C,NKH,2012,WT,no_nea,0,0,0,0,0,0,0,0,0,0,0,0
PH0984-C,NKH,2012,WT,no_nea,0,0,0,0,0,0,0,0,0,0,0,0
PH0985-C,NKH,2012,WT,no_nea,0,0,0,0,0,0,0,0,0,0,0,0
PH0986-C,WKH,2012,C580Y,no_nea,0,0,0,0,0,0,0,0,0,0,0,0
PH0987-C,WKH,2012,C580Y,no_nea,0,0,0,0,0,0,0,0,0,0,0,0
PH0991-C,WKH,2012,C580Y,no_nea,6,14,10,6,14,10,17,7,17,0,0,0
PH0994-C,WKH,2012,C580Y,no_nea,2,1,3,2,1,3,14,8,20,0,0,0
PH0996-C,WKH,2012,C580Y,no_nea,2,1,3,2,1,3,14,8,20,0,0,0
PH0997-C,WKH,2012,C580Y,no_nea,2,1,3,2,1,3,14,8,20,0,0,0
PH0999-C,WKH,2012,C580Y,no_nea,5,5,8,5,5,8,1,16,3,0,0,0
PH1000-C,WKH,2012,WT,no_nea,0,0,0,0,0,0,0,0,0,0,0,0
PH1001-C,WKH,2012,C580Y,no_nea,6,14,10,6,14,10,17,7,17,0,0,0
PH1002-C,WKH,2012,C580Y,no_nea,6,14,10,6,14,10,17,7,17,0,0,0
PH1003-C,WKH,2012,C580Y,no_nea,5,5,8,5,5,8,1,16,3,0,0,0
PH1015-C,WKH,2012,C580Y,I218F,11,7,15,11,7,15,9,11,14,0,0,0
PH1023-C,WKH,2012,WT,no_nea,0,0,0,0,0,0,0,0,0,0,0,0
PH1045-C,NKH,2012,WT,no_nea,0,0,0,0,0,0,0,0,0,0,0,0
PH1068-C,NEKH,2012,WT,no_nea,0,0,0,0,0,0,0,0,0,0,0,0
PH1071-C,NEKH,2012,WT,no_nea,0,0,0,0,0,0,0,0,0,0,0,0
PH1073-C,NEKH,2012,WT,no_nea,0,0,0,0,0,0,0,0,0,0,0,0
PH1085-C,WKH,2012,WT,no_nea,0,0,0,0,0,0,0,0,0,0,0,0
PH1086-C,WKH,2012,C580Y,no_nea,0,0,0,0,0,0,0,0,0,0,0,0
PH1092-C,NKH,2012,WT,no_nea,0,0,0,0,0,0,0,0,0,0,0,0
PH1097-C,NKH,2012,WT,no_nea,0,0,0,0,0,0,0,0,0,0,0,0
PH1106-C,NEKH,2012,WT,missing,0,0,0,0,0,0,0,0,0,0,0,0
PH1136-C,WKH,2011,C580Y,no_nea,6,14,10,6,14,10,17,7,17,0,0,0
PH1137-C,WKH,2011,WT,missing,0,0,0,0,0,0,0,0,0,0,0,0
PH1147-C,NKH,2013,WT,no_nea,0,0,0,0,0,0,0,0,0,0,0,0
PH1148-C,NKH,2013,C580Y,no_nea,6,14,10,6,14,10,17,7,17,0,0,0
PH1150-C,NKH,2013,WT,no_nea,0,0,0,0,0,0,0,0,0,0,0,0
PH1153-C,NKH,2013,WT,no_nea,0,0,0,0,0,0,0,0,0,0,0,0
PH1162-C,NKH,2013,C580Y,F145I,16,16,12,16,16,12,7,2,0,0,0,0
PH1164-C,NKH,2013,WT,no_nea,0,0,0,0,0,0,0,0,0,0,0,0
PH1168-C,NKH,2013,WT,no_nea,0,0,0,0,0,0,0,0,0,0,0,0
PH1169-C,NKH,2013,WT,no_nea,0,0,0,0,0,0,0,0,0,0,0,0
PH1170-C,NKH,2013,WT,no_nea,0,0,0,0,0,0,0,0,0,0,0,0
PH1175-C,NKH,2013,C580Y,no_nea,2,1,3,2,1,3,14,8,20,0,0,0
PH1183-C,WKH,2013,C580Y,H97Y,4,19,19,4,19,19,11,14,15,0,0,0
PH1187-C,WKH,2013,Y493H,no_nea,0,0,0,0,0,0,0,0,0,0,0,0
PH1190-C,WKH,2013,C580Y,no_nea,2,1,3,2,1,3,14,8,20,0,0,0
PH1200-C,WKH,2013,C580Y,no_nea,0,0,0,0,0,0,0,0,0,0,0,0
PH1201-C,WKH,2013,C580Y,no_nea,10,9,14,10,9,14,13,19,9,0,0,0
PH1203-C,WKH,2013,C580Y,H97Y,4,19,19,4,19,19,11,14,15,0,0,0
PH1216-C,WKH,2013,C580Y,H97Y,5,5,8,5,5,8,18,6,13,0,0,0
PH1217-C,WKH,2013,C580Y,missing,0,0,0,0,0,0,0,0,0,0,0,0
PH1229-C,WKH,2013,C580Y,T93S,1,15,1,1,15,1,2,4,11,0,0,0
PH1236-C,WKH,2013,Y493H,no_nea,0,0,0,0,0,0,0,0,0,0,0,0
PH1252-C,WKH,2013,H719N,no_nea,0,0,0,0,0,0,0,0,0,0,0,0
PH1253-C,WKH,2013,Y493H,no_nea,0,0,0,0,0,0,0,0,0,0,0,0
PH1297-C,NEKH,2013,WT,no_nea,0,0,0,0,0,0,0,0,0,0,0,0
PH1310-C,NEKH,2013,WT,no_nea,0,0,0,0,0,0,0,0,0,0,0,0
PH1313-C,NEKH,2013,C580Y,H97Y,4,19,19,4,19,19,11,14,15,0,0,0
PH1317-C,NEKH,2013,WT,no_nea,0,0,0,0,0,0,0,0,0,0,0,0
PH1318-C,NEKH,2013,WT,no_nea,0,0,0,0,0,0,0,0,0,0,0,0
PH1319-C,NEKH,2013,WT,no_nea,0,0,0,0,0,0,0,0,0,0,0,0
PH1357-C,WKH,2012,C580Y,no_nea,0,0,0,0,0,0,0,0,0,0,0,0
PH1358-C,WKH,2012,C580Y,no_nea,4,19,19,4,19,19,11,14,15,0,0,0
PH1360-C,WKH,2012,C580Y,no_nea,4,19,19,4,19,19,18,6,21,0,0,0
PH1373-C,WKH,2013,C580Y,no_nea,0,0,0,0,0,0,0,0,0,0,0,0
PH1379-C,WKH,2013,C580Y,no_nea,10,9,14,10,9,14,13,19,9,0,0,0
PH1387-C,NKH,2012,C580Y,H97Y,4,19,19,4,19,19,11,14,15,0,0,0
PH1708-C,WKH,2016,C580Y,no_nea,0,0,0,0,0,0,0,0,0,0,0,0
PH1713-C,WKH,2016,C580Y,no_nea,0,0,0,0,0,0,0,0,0,0,0,0
PH1714-C,WKH,2016,C580Y,no_nea,18,6,11,18,6,11,3,1,1,0,0,0
PH1716-C,WKH,2016,C580Y,no_nea,10,9,14,10,9,14,13,19,9,0,0,0
PH1718-C,WKH,2016,C580Y,no_nea,2,1,3,2,1,3,14,8,20,0,0,0
PH1720-C,WKH,2016,C580Y,T93S,1,15,1,1,15,1,2,4,11,0,0,0
PH1721-C,WKH,2016,C580Y,no_nea,13,9,13,13,9,13,10,5,10,0,0,0
PH1723-C,WKH,2016,C580Y,no_nea,13,9,13,13,9,13,10,5,10,0,0,0
PH1730-C,NKH,2016,C580Y,het,1,15,1,1,15,1,2,4,11,0,0,0
PH1731-C,NKH,2016,C580Y,T93S,18,6,11,18,6,11,3,1,1,0,0,0
PH1732-C,NKH,2016,C580Y,T93S,1,15,1,1,15,1,2,4,11,0,0,0
PH1737-C,WKH,2016,WT,H97Y,0,0,0,0,0,0,0,0,0,0,0,0
PH1741-C,WKH,2016,C580Y,I218F,15,12,18,15,12,18,16,0,16,0,0,0
PH1742-C,WKH,2016,C580Y,H97Y,0,0,0,0,0,0,0,0,0,0,0,0
PH1743-C,WKH,2016,C580Y,H97Y,0,0,0,0,0,0,0,0,0,0,0,0
PH1745-C,WKH,2016,WT,no_nea,0,0,0,0,0,0,0,0,0,0,0,0
PH1747-C,WKH,2016,C580Y,no_nea,4,19,19,4,19,19,11,14,15,0,0,0
PH1748-C,WKH,2016,C580Y,het,2,1,3,2,1,3,14,8,20,0,0,0
PH1749-C,WKH,2016,C580Y,H97Y,0,0,0,0,0,0,0,0,0,0,0,0
PH1750-C,WKH,2016,C580Y,H97Y,0,0,0,0,0,0,0,0,0,0,0,0
PH1751-C,WKH,2016,C580Y,no_nea,0,0,0,0,0,0,0,0,0,0,0,0
PH1752-C,WKH,2016,C580Y,no_nea,0,0,0,0,0,0,0,0,0,0,0,0
PH1755-C,WKH,2015,C580Y,no_nea,2,1,3,2,1,3,14,8,20,0,0,0
PH1756-C,WKH,2015,C580Y,no_nea,2,1,3,2,1,3,14,8,20,0,0,0
PH1757-C,WKH,2015,C580Y,I218F,15,7,15,15,7,15,16,0,16,0,0,0
PH1759-C,WKH,2015,C580Y,H97Y,4,19,19,4,19,19,11,14,15,0,0,0
PH1763-C,WKH,2015,C580Y,T93S,1,15,1,1,15,1,2,4,11,0,0,0
PH1764-C,WKH,2015,C580Y,no_nea,2,1,3,2,1,3,14,8,20,0,0,0
PH1765-C,WKH,2015,C580Y,no_nea,2,1,3,2,1,3,14,8,20,0,0,0
PH1767-C,WKH,2015,C580Y,no_nea,10,9,14,10,9,14,13,19,9,0,0,0
PH1768-C,WKH,2015,C580Y,no_nea,2,1,3,2,1,3,14,8,20,0,0,0
PH1769-C,WKH,2015,C580Y,T93S,7,8,16,7,8,16,15,3,4,0,0,0
PH1770-C,WKH,2016,C580Y,T93S,1,15,1,1,15,1,2,4,11,0,0,0
PV0002-C,VN,2009,P553L,no_nea,0,0,0,0,0,0,0,0,0,0,0,0
PV0004-C,VN,2009,WT,no_nea,0,0,0,0,0,0,0,0,0,0,0,0
PV0006-C,VN,2009,WT,no_nea,0,0,0,0,0,0,0,0,0,0,0,0
PV0014-C,VN,2009,WT,missing,0,0,0,0,0,0,0,0,0,0,0,0
PV0018-C,VN,2009,WT,no_nea,0,0,0,0,0,0,0,0,0,0,0,0
PV0020-C,VN,2009,WT,missing,0,0,0,0,0,0,0,0,0,0,0,0
PV0028-C,VN,2010,C580Y,no_nea,0,0,0,0,0,0,0,0,0,0,0,0
PV0031-C,VN,2009,K13-other,no_nea,0,0,0,0,0,0,0,0,0,0,0,0
PV0035-C,VN,2010,WT,no_nea,0,0,0,0,0,0,0,0,0,0,0,0
PV0039-C,VN,2010,P553L,no_nea,0,0,0,0,0,0,0,0,0,0,0,0
PV0041-C,VN,2009,WT,no_nea,0,0,0,0,0,0,0,0,0,0,0,0
PV0046-C,VN,2009,WT,no_nea,0,0,0,0,0,0,0,0,0,0,0,0
PV0048-C,VN,2010,WT,no_nea,0,0,0,0,0,0,0,0,0,0,0,0
PV0080-C,VN,2010,WT,no_nea,0,0,0,0,0,0,0,0,0,0,0,0
PV0081-C,VN,2010,C580Y,no_nea,0,0,0,0,0,0,0,0,0,0,0,0
PV0082-C,VN,2010,WT,no_nea,0,0,0,0,0,0,0,0,0,0,0,0
PV0083-C,VN,2010,P553L,no_nea,0,0,0,0,0,0,0,0,0,0,0,0
PV0084-C,VN,2010,WT,no_nea,0,0,0,0,0,0,0,0,0,0,0,0
PV0085-C,VN,2010,V568G,no_nea,0,0,0,0,0,0,0,0,0,0,0,0
PV0088-C,VN,2010,K13-other,no_nea,0,0,0,0,0,0,0,0,0,0,0,0
PV0089-C,VN,2010,WT,no_nea,0,0,0,0,0,0,0,0,0,0,0,0
PV0091-C,VN,2010,I543T,no_nea,0,0,0,0,0,0,0,0,0,0,0,0
PV0092-C,VN,2010,WT,no_nea,0,0,0,0,0,0,0,0,0,0,0,0
PV0094-C,VN,2010,WT,no_nea,0,0,0,0,0,0,0,0,0,0,0,0
PV0097-C,VN,2010,WT,no_nea,0,0,0,0,0,0,0,0,0,0,0,0
PV0098-C,VN,2010,WT,no_nea,0,0,0,0,0,0,0,0,0,0,0,0
PV0099-C,VN,2010,WT,no_nea,0,0,0,0,0,0,0,0,0,0,0,0
PV0101-C,VN,2010,V568G,no_nea,0,0,0,0,0,0,0,0,0,0,0,0
PV0102-C,VN,2010,P553L,no_nea,0,0,0,0,0,0,0,0,0,0,0,0
PV0112-C,VN,2010,WT,no_nea,0,0,0,0,0,0,0,0,0,0,0,0
PV0114-C,VN,2010,D353Y,no_nea,0,0,0,0,0,0,0,0,0,0,0,0
PV0116-C,VN,2010,D353Y,no_nea,0,0,0,0,0,0,0,0,0,0,0,0
PV0117-C,VN,2010,WT,no_nea,0,0,0,0,0,0,0,0,0,0,0,0
PV0118-C,VN,2010,D353Y,no_nea,0,0,0,0,0,0,0,0,0,0,0,0
PV0120-C,VN,2010,WT,no_nea,0,0,0,0,0,0,0,0,0,0,0,0
PV0122-C,VN,2010,I543T,missing,0,0,0,0,0,0,0,0,0,0,0,0
PV0124-C,VN,2010,D353Y,no_nea,0,0,0,0,0,0,0,0,0,0,0,0
PV0125-C,VN,2010,I543T,no_nea,0,0,0,0,0,0,0,0,0,0,0,0
PV0126-C,VN,2010,WT,no_nea,0,0,0,0,0,0,0,0,0,0,0,0
PV0128-C,VN,2010,P553L,no_nea,0,0,0,0,0,0,0,0,0,0,0,0
PV0129-C,VN,2010,WT,no_nea,0,0,0,0,0,0,0,0,0,0,0,0
PV0130-C,VN,2010,I543T,no_nea,0,0,0,0,0,0,0,0,0,0,0,0
PV0134-C,VN,2010,WT,no_nea,0,0,0,0,0,0,0,0,0,0,0,0
PV0135-C,VN,2010,WT,no_nea,0,0,0,0,0,0,0,0,0,0,0,0
PV0137-C,VN,2010,V568G,no_nea,0,0,0,0,0,0,0,0,0,0,0,0
PV0139-C,VN,2010,WT,no_nea,0,0,0,0,0,0,0,0,0,0,0,0
PV0140-C,VN,2010,I543T,no_nea,0,0,0,0,0,0,0,0,0,0,0,0
PV0142-C,VN,2010,WT,no_nea,0,0,0,0,0,0,0,0,0,0,0,0
PV0144-C,VN,2010,P553L,no_nea,0,0,0,0,0,0,0,0,0,0,0,0
PV0147-C,VN,2010,WT,no_nea,0,0,0,0,0,0,0,0,0,0,0,0
PV0151-C,VN,2010,I543T,no_nea,0,0,0,0,0,0,0,0,0,0,0,0
PV0153-C,VN,2010,WT,no_nea,0,0,0,0,0,0,0,0,0,0,0,0
PV0158-C,VN,2010,I543T,no_nea,0,0,0,0,0,0,0,0,0,0,0,0
PV0161-C,VN,2010,WT,no_nea,0,0,0,0,0,0,0,0,0,0,0,0
PV0169-C,VN,2010,WT,no_nea,0,0,0,0,0,0,0,0,0,0,0,0
PV0180-C,VN,2011,I543T,no_nea,0,0,0,0,0,0,0,0,0,0,0,0
PV0182-C,VN,2011,WT,no_nea,0,0,0,0,0,0,0,0,0,0,0,0
PV0185-C,VN,2011,I543T,no_nea,0,0,0,0,0,0,0,0,0,0,0,0
PV0186-C,VN,2011,P553L,no_nea,0,0,0,0,0,0,0,0,0,0,0,0
PV0187-C,VN,2011,WT,no_nea,0,0,0,0,0,0,0,0,0,0,0,0
PV0189-C,VN,2011,WT,no_nea,0,0,0,0,0,0,0,0,0,0,0,0
PV0193-C,VN,2011,I543T,no_nea,0,0,0,0,0,0,0,0,0,0,0,0
PV0195-C,VN,2011,C580Y,no_nea,0,0,0,0,0,0,0,0,0,0,0,0
PV0197-C,VN,2011,WT,no_nea,0,0,0,0,0,0,0,0,0,0,0,0
PV0202-C,VN,2011,WT,no_nea,0,0,0,0,0,0,0,0,0,0,0,0
PV0211-C,VN,2011,WT,no_nea,0,0,0,0,0,0,0,0,0,0,0,0
PV0216-C,VN,2011,WT,missing,0,0,0,0,0,0,0,0,0,0,0,0
PV0218-C,VN,2011,I543T,no_nea,0,0,0,0,0,0,0,0,0,0,0,0
PV0219-C,VN,2011,WT,no_nea,0,0,0,0,0,0,0,0,0,0,0,0
PV0220-C,VN,2011,I543T,no_nea,0,0,0,0,0,0,0,0,0,0,0,0
PV0221-C,VN,2011,WT,no_nea,0,0,0,0,0,0,0,0,0,0,0,0
PV0223-C,VN,2011,I543T,no_nea,0,0,0,0,0,0,0,0,0,0,0,0
PV0227-C,VN,2011,P553L,no_nea,0,0,0,0,0,0,0,0,0,0,0,0
PV0230-C,VN,2011,WT,no_nea,0,0,0,0,0,0,0,0,0,0,0,0
PV0234-C,VN,2011,WT,no_nea,0,0,0,0,0,0,0,0,0,0,0,0
PV0235-C,VN,2011,WT,no_nea,0,0,0,0,0,0,0,0,0,0,0,0
PV0236-C,VN,2011,WT,no_nea,0,0,0,0,0,0,0,0,0,0,0,0
PV0237-C,VN,2011,P553L,no_nea,0,0,0,0,0,0,0,0,0,0,0,0
PV0239-C,VN,2011,WT,no_nea,0,0,0,0,0,0,0,0,0,0,0,0
PV0240-C,VN,2011,WT,no_nea,0,0,0,0,0,0,0,0,0,0,0,0
PV0241-C,VN,2011,WT,no_nea,0,0,0,0,0,0,0,0,0,0,0,0
PV0243-Cx2,VN,2011,V568G,no_nea,0,0,0,0,0,0,0,0,0,0,0,0
PV0245-Cx2,VN,2011,WT,no_nea,0,0,0,0,0,0,0,0,0,0,0,0
PV0246-C,VN,2011,C580Y,no_nea,0,0,0,0,0,0,0,0,0,0,0,0
PV0247-Cx2,VN,2011,WT,no_nea,0,0,0,0,0,0,0,0,0,0,0,0
PV0249-Cx,VN,2011,WT,no_nea,0,0,0,0,0,0,0,0,0,0,0,0
PV0251-C,VN,2011,Y493H,no_nea,0,0,0,0,0,0,0,0,0,0,0,0
PV0254-C,VN,2011,WT,no_nea,0,0,0,0,0,0,0,0,0,0,0,0
PV0259-C,VN,2011,C580Y,no_nea,0,0,0,0,0,0,0,0,0,0,0,0
PV0261-C,VN,2011,WT,no_nea,0,0,0,0,0,0,0,0,0,0,0,0
PV0262-C,VN,2011,I543T,no_nea,0,0,0,0,0,0,0,0,0,0,0,0
PV0267-C,VN,2011,Y493H,no_nea,0,0,0,0,0,0,0,0,0,0,0,0
PV0269-C,VN,2011,Y493H,no_nea,0,0,0,0,0,0,0,0,0,0,0,0
PV0270-C,VN,2011,WT,no_nea,0,0,0,0,0,0,0,0,0,0,0,0
PV0272-C,VN,2011,WT,no_nea,0,0,0,0,0,0,0,0,0,0,0,0
PV0274-C,VN,2011,WT,no_nea,0,0,0,0,0,0,0,0,0,0,0,0
PV0277-C,VN,2011,R539T,no_nea,0,0,0,0,0,0,0,0,0,0,0,0
PV0278-C,VN,2011,R539T,no_nea,0,0,0,0,0,0,0,0,0,0,0,0
PV0279-C,VN,2011,WT,no_nea,0,0,0,0,0,0,0,0,0,0,0,0
PV0280-C,VN,2011,WT,no_nea,0,0,0,0,0,0,0,0,0,0,0,0
PV0282-C,VN,2011,WT,no_nea,0,0,0,0,0,0,0,0,0,0,0,0
PV0283-C,VN,2011,I543T,no_nea,0,0,0,0,0,0,0,0,0,0,0,0
PV0284-C,VN,2011,WT,no_nea,0,0,0,0,0,0,0,0,0,0,0,0
PV0285-C,VN,2011,R539T,no_nea,0,0,0,0,0,0,0,0,0,0,0,0
PV0286-C,VN,2011,R539T,no_nea,0,0,0,0,0,0,0,0,0,0,0,0
PV0287-C,VN,2011,WT,no_nea,0,0,0,0,0,0,0,0,0,0,0,0
PV0288-C,VN,2011,C580Y,no_nea,0,0,0,0,0,0,0,0,0,0,0,0
PV0289-C,VN,2011,WT,no_nea,0,0,0,0,0,0,0,0,0,0,0,0
PV0292-C,VN,2011,I543T,no_nea,0,0,0,0,0,0,0,0,0,0,0,0
PV0296-C,VN,2011,WT,no_nea,0,0,0,0,0,0,0,0,0,0,0,0
PV0297-C,VN,2011,WT,no_nea,0,0,0,0,0,0,0,0,0,0,0,0
PV0298-C,VN,2011,WT,no_nea,0,0,0,0,0,0,0,0,0,0,0,0
PV0299-C,VN,2011,I543T,no_nea,0,0,0,0,0,0,0,0,0,0,0,0
PV0300-C,VN,2011,I543T,no_nea,0,0,0,0,0,0,0,0,0,0,0,0
PV0301-C,VN,2011,WT,no_nea,0,0,0,0,0,0,0,0,0,0,0,0
PV0302-C,VN,2011,WT,no_nea,0,0,0,0,0,0,0,0,0,0,0,0
PV0304-C,VN,2011,WT,no_nea,0,0,0,0,0,0,0,0,0,0,0,0
PV0305-C,VN,2011,WT,no_nea,0,0,0,0,0,0,0,0,0,0,0,0
PV0306-C,VN,2011,C580Y,no_nea,0,0,0,0,0,0,0,0,0,0,0,0
PV0308-Cx,VN,2011,WT,no_nea,0,0,0,0,0,0,0,0,0,0,0,0
PV0309-C,VN,2011,WT,no_nea,0,0,0,0,0,0,0,0,0,0,0,0
PV0310-C,VN,2011,WT,no_nea,0,0,0,0,0,0,0,0,0,0,0,0
PV0311-C,VN,2012,WT,no_nea,0,0,0,0,0,0,0,0,0,0,0,0
PV0312-C,VN,2012,I543T,no_nea,0,0,0,0,0,0,0,0,0,0,0,0
PV0313-C,VN,2012,WT,no_nea,0,0,0,0,0,0,0,0,0,0,0,0
PV0314-C,VN,2012,WT,no_nea,0,0,0,0,0,0,0,0,0,0,0,0
PV0315-Cx,VN,2012,WT,no_nea,0,0,0,0,0,0,0,0,0,0,0,0
PV0317-C,VN,2012,WT,no_nea,0,0,0,0,0,0,0,0,0,0,0,0
PV0318-C,VN,2012,I543T,no_nea,0,0,0,0,0,0,0,0,0,0,0,0
PV0319-C,VN,2012,WT,no_nea,0,0,0,0,0,0,0,0,0,0,0,0
PV0320-C,VN,2012,I543T,no_nea,0,0,0,0,0,0,0,0,0,0,0,0
PV0321-C,VN,2012,K13-other,no_nea,0,0,0,0,0,0,0,0,0,0,0,0
PV0322-C,VN,2012,I543T,no_nea,0,0,0,0,0,0,0,0,0,0,0,0
PV0324-C,VN,2012,I543T,no_nea,0,0,0,0,0,0,0,0,0,0,0,0
PV0325-C,VN,2012,WT,no_nea,0,0,0,0,0,0,0,0,0,0,0,0
PV0326-C,VN,2012,WT,no_nea,0,0,0,0,0,0,0,0,0,0,0,0
PV0328-C,VN,2012,WT,no_nea,0,0,0,0,0,0,0,0,0,0,0,0
PV0329-C,VN,2012,WT,no_nea,0,0,0,0,0,0,0,0,0,0,0,0
PV0330-C,VN,2012,WT,no_nea,0,0,0,0,0,0,0,0,0,0,0,0
PV0331-Cx,VN,2012,WT,no_nea,0,0,0,0,0,0,0,0,0,0,0,0
PV0333-C,VN,2012,C580Y,no_nea,0,0,0,0,0,0,0,0,0,0,0,0
PV0340-C,VN,2011,Y493H,no_nea,0,0,0,0,0,0,0,0,0,0,0,0
PV0343-C,VN,2011,C580Y,no_nea,0,0,0,0,0,0,0,0,0,0,0,0
PV0345-C,VN,2011,R539T,no_nea,0,0,0,0,0,0,0,0,0,0,0,0
PV0347-C,VN,2011,WT,no_nea,0,0,0,0,0,0,0,0,0,0,0,0
PV0355-C,VN,2012,I543T,no_nea,0,0,0,0,0,0,0,0,0,0,0,0
PV0360-C,VN,2016,WT,no_nea,0,0,0,0,0,0,0,0,0,0,0,0
PV0361-C,VN,2016,C580Y,F145I,16,16,12,16,16,12,7,2,0,0,0,0
PV0363-C,VN,2016,C580Y,T93S,7,8,16,7,8,16,15,3,4,0,0,0
PV0364-C,VN,2016,C580Y,T93S,7,8,16,7,8,16,15,3,4,0,0,0
PV0365-C,VN,2016,C580Y,T93S,7,8,16,7,8,16,15,3,4,0,0,0
PV0366-C,VN,2016,C580Y,T93S,7,8,16,7,8,16,15,3,4,0,0,0
PV0368-C,VN,2016,C580Y,T93S,1,15,1,1,15,1,2,4,11,0,0,0
PV0369-C,VN,2016,WT,no_nea,0,0,0,0,0,0,0,0,0,0,0,0
PV0370-C,VN,2016,C580Y,T93S,7,8,16,7,8,16,15,3,4,0,0,0
PV0371-C,VN,2016,C580Y,I218F,11,7,15,11,7,15,18,6,13,0,0,0
PV0372-C,VN,2016,C580Y,T93S,7,8,16,7,8,16,15,3,4,0,0,0
PV0373-C,VN,2016,C580Y,I218F,7,8,16,7,8,16,15,3,4,0,0,0
PV0375-C,VN,2016,C580Y,I218F,11,7,15,11,7,15,9,11,14,0,0,0
PV0376-C,VN,2016,C580Y,I218F,11,7,15,11,7,15,9,11,14,0,0,0
PV0377-C,VN,2016,C580Y,I218F,11,7,15,11,7,15,9,11,14,0,0,0
PV0378-C,VN,2016,C580Y,I218F,11,7,15,11,7,15,9,11,14,0,0,0
PV0379-C,VN,2016,C580Y,I218F,11,7,15,11,7,15,9,11,14,0,0,0
PV0381-C,VN,2016,C580Y,T93S,7,8,16,7,8,16,15,3,4,0,0,0
PV0382-C,VN,2016,C580Y,F145I,16,16,12,16,16,12,7,2,0,0,0,0
PV0383-C,VN,2016,C580Y,F145I,16,16,12,16,16,12,7,2,0,0,0,0
PV0384-C,VN,2016,C580Y,T93S,7,8,16,7,8,16,15,3,4,0,0,0
PV0385-C,VN,2016,C580Y,I218F,0,18,9,0,18,9,6,15,5,0,0,0
PV0386-C,VN,2016,C580Y,T93S,7,8,16,7,8,16,15,3,4,0,0,0
PV0387-C,VN,2016,WT,no_nea,0,0,0,0,0,0,0,0,0,0,0,0
PV0388-C,VN,2016,C580Y,I218F,7,8,16,7,8,16,15,3,4,0,0,0
PV0393-C,VN,2016,C580Y,I218F,7,8,16,7,8,16,15,3,4,0,0,0
PV0395-C,VN,2016,C580Y,I218F,0,18,9,0,18,9,6,15,5,0,0,0
PV0396-C,VN,2016,C580Y,T93S,7,8,16,7,8,16,15,3,4,0,0,0
PV0397-C,VN,2016,C580Y,no_nea,0,0,0,0,0,0,0,0,0,0,0,0
PV0398-C,VN,2016,C580Y,I218F,19,17,0,19,17,0,19,18,12,0,0,0
PV0400-C,VN,2016,C580Y,no_nea,0,0,0,0,0,0,0,0,0,0,0,0
PV0402-C,VN,2016,C580Y,T93S,7,8,16,7,8,16,15,3,4,0,0,0
QE0347-C,LA,2010,WT,no_nea,0,0,0,0,0,0,0,0,0,0,0,0
QE0348-C,LA,2010,WT,no_nea,0,0,0,0,0,0,0,0,0,0,0,0
QE0350-C,LA,2010,WT,no_nea,0,0,0,0,0,0,0,0,0,0,0,0
QE0352-C,LA,2010,WT,no_nea,0,0,0,0,0,0,0,0,0,0,0,0
QE0356-C,LA,2010,WT,no_nea,0,0,0,0,0,0,0,0,0,0,0,0
QE0360-C,LA,2010,WT,no_nea,0,0,0,0,0,0,0,0,0,0,0,0
QE0361-C,LA,2010,WT,no_nea,0,0,0,0,0,0,0,0,0,0,0,0
QE0363-C,LA,2010,WT,no_nea,0,0,0,0,0,0,0,0,0,0,0,0
QE0364-C,LA,2010,WT,no_nea,0,0,0,0,0,0,0,0,0,0,0,0
QE0365-C,LA,2010,WT,no_nea,0,0,0,0,0,0,0,0,0,0,0,0
QE0367-C,LA,2010,WT,no_nea,0,0,0,0,0,0,0,0,0,0,0,0
QE0368-C,LA,2010,WT,no_nea,0,0,0,0,0,0,0,0,0,0,0,0
QE0369-C,LA,2010,WT,no_nea,0,0,0,0,0,0,0,0,0,0,0,0
QE0370-C,LA,2010,WT,no_nea,0,0,0,0,0,0,0,0,0,0,0,0
QE0371-C,LA,2010,WT,no_nea,0,0,0,0,0,0,0,0,0,0,0,0
QE0372-C,LA,2010,WT,no_nea,0,0,0,0,0,0,0,0,0,0,0,0
QE0373-C,LA,2010,WT,no_nea,0,0,0,0,0,0,0,0,0,0,0,0
QE0374-C,LA,2010,WT,no_nea,0,0,0,0,0,0,0,0,0,0,0,0
QE0375-C,LA,2010,WT,no_nea,0,0,0,0,0,0,0,0,0,0,0,0
QE0376-C,LA,2010,WT,no_nea,0,0,0,0,0,0,0,0,0,0,0,0
QE0379-C,LA,2010,WT,no_nea,0,0,0,0,0,0,0,0,0,0,0,0
QE0381-C,LA,2010,WT,no_nea,0,0,0,0,0,0,0,0,0,0,0,0
QE0382-C,LA,2010,WT,no_nea,0,0,0,0,0,0,0,0,0,0,0,0
QE0383-C,LA,2010,WT,no_nea,0,0,0,0,0,0,0,0,0,0,0,0
QE0384-C,LA,2010,WT,no_nea,0,0,0,0,0,0,0,0,0,0,0,0
QE0386-C,LA,2010,WT,no_nea,0,0,0,0,0,0,0,0,0,0,0,0
QE0387-C,LA,2010,WT,no_nea,0,0,0,0,0,0,0,0,0,0,0,0
QE0388-C,LA,2010,WT,no_nea,0,0,0,0,0,0,0,0,0,0,0,0
QE0391-C,LA,2010,WT,no_nea,0,0,0,0,0,0,0,0,0,0,0,0
QE0393-Cx,LA,2011,WT,no_nea,0,0,0,0,0,0,0,0,0,0,0,0
QE0395-C,LA,2011,WT,no_nea,0,0,0,0,0,0,0,0,0,0,0,0
QE0397-C,LA,2011,WT,no_nea,0,0,0,0,0,0,0,0,0,0,0,0
QE0398-C,LA,2011,WT,no_nea,0,0,0,0,0,0,0,0,0,0,0,0
QE0400-C,LA,2011,WT,no_nea,0,0,0,0,0,0,0,0,0,0,0,0
QE0401-C,LA,2011,WT,no_nea,0,0,0,0,0,0,0,0,0,0,0,0
QE0403-Cx,LA,2011,WT,no_nea,0,0,0,0,0,0,0,0,0,0,0,0
QE0404-C,LA,2011,WT,no_nea,0,0,0,0,0,0,0,0,0,0,0,0
QE0405-Cx,LA,2011,WT,no_nea,0,0,0,0,0,0,0,0,0,0,0,0
QE0414-C,LA,2011,WT,no_nea,0,0,0,0,0,0,0,0,0,0,0,0
QE0415-C,LA,2011,WT,no_nea,0,0,0,0,0,0,0,0,0,0,0,0
QE0418-C,LA,2011,WT,no_nea,0,0,0,0,0,0,0,0,0,0,0,0
QE0419-C,LA,2011,WT,no_nea,0,0,0,0,0,0,0,0,0,0,0,0
QE0426-C,LA,2011,WT,no_nea,0,0,0,0,0,0,0,0,0,0,0,0
QE0430-C,LA,2011,WT,no_nea,0,0,0,0,0,0,0,0,0,0,0,0
QE0431-C,LA,2011,WT,no_nea,0,0,0,0,0,0,0,0,0,0,0,0
QE0432-C,LA,2011,WT,no_nea,0,0,0,0,0,0,0,0,0,0,0,0
QE0433-C,LA,2011,WT,no_nea,0,0,0,0,0,0,0,0,0,0,0,0
QE0434-C,LA,2011,WT,no_nea,0,0,0,0,0,0,0,0,0,0,0,0
QE0436-C,LA,2011,WT,no_nea,0,0,0,0,0,0,0,0,0,0,0,0
QE0437-C,LA,2011,WT,no_nea,0,0,0,0,0,0,0,0,0,0,0,0
QE0438-C,LA,2011,WT,no_nea,0,0,0,0,0,0,0,0,0,0,0,0
QE0440-C,LA,2011,WT,no_nea,0,0,0,0,0,0,0,0,0,0,0,0
QE0443-C,LA,2011,WT,no_nea,0,0,0,0,0,0,0,0,0,0,0,0
QE0444-C,LA,2011,WT,no_nea,0,0,0,0,0,0,0,0,0,0,0,0
QE0447-C,LA,2011,WT,no_nea,0,0,0,0,0,0,0,0,0,0,0,0
QE0448-C,LA,2011,WT,no_nea,0,0,0,0,0,0,0,0,0,0,0,0
QE0449-C,LA,2011,WT,no_nea,0,0,0,0,0,0,0,0,0,0,0,0
QE0451-C,LA,2012,WT,no_nea,0,0,0,0,0,0,0,0,0,0,0,0
QE0452-C,LA,2012,WT,no_nea,0,0,0,0,0,0,0,0,0,0,0,0
QE0454-C,LA,2012,WT,no_nea,0,0,0,0,0,0,0,0,0,0,0,0
QE0455-C,LA,2012,WT,no_nea,0,0,0,0,0,0,0,0,0,0,0,0
QE0456-C,LA,2012,R539T,no_nea,0,0,0,0,0,0,0,0,0,0,0,0
QE0457-C,LA,2012,WT,no_nea,0,0,0,0,0,0,0,0,0,0,0,0
QE0458-C,LA,2012,WT,no_nea,0,0,0,0,0,0,0,0,0,0,0,0
QE0459-C,LA,2012,WT,no_nea,0,0,0,0,0,0,0,0,0,0,0,0
QE0460-C,LA,2012,WT,no_nea,0,0,0,0,0,0,0,0,0,0,0,0
QE0461-C,LA,2012,WT,no_nea,0,0,0,0,0,0,0,0,0,0,0,0
QE0463-C,LA,2012,WT,no_nea,0,0,0,0,0,0,0,0,0,0,0,0
QE0464-C,LA,2012,WT,no_nea,0,0,0,0,0,0,0,0,0,0,0,0
QE0465-C,LA,2012,WT,no_nea,0,0,0,0,0,0,0,0,0,0,0,0
QE0468-C,LA,2012,WT,no_nea,0,0,0,0,0,0,0,0,0,0,0,0
QE0471-C,LA,2012,WT,no_nea,0,0,0,0,0,0,0,0,0,0,0,0
QE0474-C,LA,2012,WT,no_nea,0,0,0,0,0,0,0,0,0,0,0,0
QE0475-C,LA,2012,WT,no_nea,0,0,0,0,0,0,0,0,0,0,0,0
QE0476-C,LA,2012,WT,no_nea,0,0,0,0,0,0,0,0,0,0,0,0
QE0478-C,LA,2011,WT,no_nea,0,0,0,0,0,0,0,0,0,0,0,0
QE0484-C,LA,2015,C580Y,no_nea,0,0,0,0,0,0,0,0,0,0,0,0
QE0485-C,LA,2015,WT,no_nea,0,0,0,0,0,0,0,0,0,0,0,0
QE0486-C,LA,2015,Y493H,no_nea,0,0,0,0,0,0,0,0,0,0,0,0
QE0487-C,LA,2015,C580Y,no_nea,0,0,0,0,0,0,0,0,0,0,0,0
QE0488-C,LA,2015,Y493H,no_nea,0,0,0,0,0,0,0,0,0,0,0,0
QE0489-C,LA,2015,WT,no_nea,0,0,0,0,0,0,0,0,0,0,0,0
QE0490-C,LA,2015,Y493H,no_nea,0,0,0,0,0,0,0,0,0,0,0,0
RCN07825,WKH,2016,WT,H97Y,0,0,0,0,0,0,0,0,0,0,0,0
RCN07826,WKH,2016,C580Y,no_nea,10,9,14,10,9,14,13,19,9,0,0,0
RCN07827,WKH,2016,C580Y,het,0,0,0,0,0,0,0,0,0,0,0,0
RCN07828,WKH,2016,C580Y,H97Y,10,9,14,10,9,14,13,19,9,0,0,0
RCN07829,NKH,2016,C580Y,T93S,6,14,10,6,14,10,17,7,17,0,0,0
RCN07830,NKH,2016,C580Y,T93S,6,14,10,6,14,10,17,7,17,0,0,0
RCN07836,NEKH,2016,C580Y,no_nea,10,9,14,10,9,14,13,19,9,0,0,0
RCN07837,NEKH,2016,C580Y,F145I,16,16,12,16,16,12,7,2,0,0,0,0
RCN07838,NEKH,2016,C580Y,no_nea,10,9,14,10,9,14,13,19,9,0,0,0
RCN07839,NEKH,2016,C580Y,no_nea,10,9,14,10,9,14,13,19,9,0,0,0
RCN07842,NEKH,2016,C580Y,no_nea,10,9,14,10,9,14,13,19,9,0,0,0
RCN07845,NEKH,2016,C580Y,no_nea,10,9,14,10,9,14,13,19,9,0,0,0
RCN07848,NEKH,2016,C580Y,no_nea,10,9,14,10,9,14,13,19,9,0,0,0
RCN07851,NEKH,2016,WT,no_nea,0,0,0,0,0,0,0,0,0,0,0,0
RCN07852,NEKH,2016,C580Y,no_nea,10,9,14,10,9,14,13,19,9,0,0,0
RCN07853,NEKH,2016,C580Y,no_nea,10,9,14,10,9,14,13,19,9,0,0,0
RCN07854,NEKH,2016,C580Y,no_nea,10,9,14,10,9,14,13,19,9,0,0,0
RCN07856,NEKH,2016,C580Y,F145I,16,16,12,16,16,12,7,2,0,0,0,0
RCN07858,NEKH,2016,C580Y,no_nea,10,9,14,10,9,14,13,19,9,0,0,0
RCN07859,NEKH,2016,C580Y,no_nea,10,9,14,10,9,14,13,19,9,0,0,0
RCN07862,NEKH,2016,C580Y,no_nea,10,9,14,10,9,14,13,19,9,0,0,0
RCN07863,NEKH,2016,C580Y,no_nea,10,9,14,10,9,14,13,19,9,0,0,0
RCN08101,VN,2016,C580Y,T93S,1,15,1,1,15,1,2,4,11,0,0,0
RCN08103,VN,2016,C580Y,T93S,7,8,16,7,8,16,15,3,4,0,0,0
RCN08105,VN,2016,C580Y,F145I,16,16,12,16,16,12,7,2,0,0,0,0
RCN08106,VN,2016,C580Y,T93S,1,15,1,1,15,1,2,4,11,0,0,0
RCN08107,VN,2016,C580Y,T93S,1,15,1,1,15,1,2,4,11,0,0,0
RCN08112,VN,2016,C580Y,het,15,12,18,15,12,18,16,0,16,0,0,0
RCN08113,VN,2016,C580Y,F145I,16,16,12,16,16,12,7,2,0,0,0,0
RCN08114,VN,2016,C580Y,T93S,1,15,1,1,15,1,2,4,11,0,0,0
RCN08115,VN,2016,WT,no_nea,0,0,0,0,0,0,0,0,0,0,0,0
RCN08116,VN,2016,C580Y,T93S,1,15,1,1,15,1,2,4,11,0,0,0
RCN08117,VN,2016,C580Y,T93S,1,15,1,1,15,1,2,4,11,0,0,0
RCN08118,VN,2016,C580Y,T93S,7,8,16,7,8,16,15,3,4,0,0,0
RCN08119,VN,2016,C580Y,no_nea,0,0,0,0,0,0,0,0,0,0,0,0
RCN08120,VN,2016,C580Y,T93S,1,15,1,1,15,1,2,4,11,0,0,0
RCN08121,VN,2016,C580Y,I218F,7,8,16,7,8,16,15,3,4,0,0,0
RCN08122,VN,2016,C580Y,F145I,16,16,12,16,16,12,7,2,0,0,0,0
RCN08124,VN,2017,C580Y,F145I,19,17,0,19,17,0,19,18,12,0,0,0
RCN08126,VN,2017,C580Y,T93S,0,0,0,0,0,0,0,0,0,0,0,0
RCN08127,VN,2017,C580Y,no_nea,0,0,0,0,0,0,0,0,0,0,0,0
RCN08128,VN,2017,C580Y,T93S,7,8,16,7,8,16,15,3,4,0,0,0
RCN08129,VN,2017,C580Y,T93S,1,15,1,1,15,1,2,4,11,0,0,0
RCN08130,VN,2017,C580Y,F145I,16,16,12,16,16,12,7,2,0,0,0,0
RCN08131,VN,2017,C580Y,F145I,16,16,12,16,16,12,7,2,0,0,0,0
RCN08132,VN,2017,C580Y,I218F,11,7,15,11,7,15,9,11,14,0,0,0
RCN08135,VN,2017,C580Y,T93S,1,15,1,1,15,1,2,4,11,0,0,0
RCN08136,VN,2017,C580Y,no_nea,6,14,10,6,14,10,17,7,17,0,0,0
RCN08138,VN,2017,C580Y,I218F,11,7,15,11,7,15,9,11,14,0,0,0
RCN08139,VN,2017,C580Y,F145I,16,16,12,16,16,12,7,2,0,0,0,0
RCN08140,VN,2017,C580Y,F145I,17,13,17,17,13,17,12,12,6,0,0,0
RCN08141,VN,2017,C580Y,T93S,1,15,1,1,15,1,2,4,11,0,0,0
RCN08143,VN,2017,C580Y,T93S,1,15,1,1,15,1,2,4,11,0,0,0
RCN08144,VN,2017,C580Y,T93S,1,15,1,1,15,1,2,4,11,0,0,0
RCN08145,VN,2017,C580Y,F145I,16,16,12,16,16,12,7,2,0,0,0,0
RCN08147,VN,2017,C580Y,T93S,1,15,1,1,15,1,2,4,11,0,0,0
RCN08148,VN,2017,C580Y,T93S,1,15,1,1,15,1,2,4,11,0,0,0
RCN08232,WKH,2016,C580Y,F145I,16,16,12,16,16,12,7,2,0,0,0,0
RCN08389,LA,2016,WT,no_nea,0,0,0,0,0,0,0,0,0,0,0,0
RCN08390,LA,2016,WT,no_nea,0,0,0,0,0,0,0,0,0,0,0,0
RCN08392,LA,2016,WT,no_nea,0,0,0,0,0,0,0,0,0,0,0,0
RCN08393,ETH,2017,C580Y,F145I,16,16,12,16,16,12,7,2,0,0,0,0
RCN08807,VN,2017,C580Y,T93S,3,0,2,3,0,2,20,21,22,0,0,0
RCN08809,VN,2017,-,T93S,11,7,13,11,7,13,10,5,21,0,0,0
RCN08810,VN,2017,C580Y,I218F,6,14,10,6,14,10,17,7,17,0,0,0
RCN08811,VN,2017,WT,noCRT,0,0,0,0,0,0,0,0,0,0,0,0
RCN08812,VN,2017,C580Y,T93S,12,3,6,12,3,6,5,10,7,0,0,0
RCN08813,VN,2017,C580Y,T93S,11,7,13,11,7,13,10,5,21,0,0,0
RCN08814,VN,2017,C580Y,T93S,11,7,13,11,7,13,10,5,21,0,0,0
RCN08815,VN,2017,C580Y,noCRT,0,0,0,0,0,0,0,0,0,0,0,0
RCN08816,VN,2017,C580Y,T93S,1,15,1,1,15,1,2,4,11,0,0,0
RCN08817,VN,2017,C580Y,T93S,1,15,1,1,15,1,2,4,11,0,0,0
RCN08818,VN,2017,C580Y,T93S,1,15,1,1,15,1,2,4,11,0,0,0
RCN08819,VN,2017,C580Y,T93S,1,15,1,1,15,1,2,4,11,0,0,0
RCN08820,VN,2017,C580Y,T93S,1,15,1,1,15,1,2,4,11,0,0,0
RCN08821,VN,2017,WT,noCRT,0,0,0,0,0,0,0,0,0,0,0,0
RCN08822,VN,2017,WT,noCRT,0,0,0,0,0,0,0,0,0,0,0,0
RCN08824,VN,2017,-,noCRT,0,0,0,0,0,0,0,0,0,0,0,0
RCN08825,VN,2017,Het,noCRT,0,0,0,0,0,0,0,0,0,0,0,0
RCN08827,VN,2017,P553L,noCRT,0,0,0,0,0,0,0,0,0,0,0,0
RCN08828,VN,2017,WT,noCRT,0,0,0,0,0,0,0,0,0,0,0,0
RCN08829,VN,2017,P553L,noCRT,0,0,0,0,0,0,0,0,0,0,0,0
RCN08830,VN,2017,WT,noCRT,0,0,0,0,0,0,0,0,0,0,0,0
RCN08831,VN,2017,WT,noCRT,0,0,0,0,0,0,0,0,0,0,0,0
RCN08833,VN,2017,WT,noCRT,0,0,0,0,0,0,0,0,0,0,0,0
RCN08834,VN,2017,WT,noCRT,0,0,0,0,0,0,0,0,0,0,0,0
RCN08878,VN,2017,WT,noCRT,0,0,0,0,0,0,0,0,0,0,0,0
RCN08881,VN,2017,-,noCRT,0,0,0,0,0,0,0,0,0,0,0,0
RCN08882,VN,2017,-,F145I,16,16,12,16,16,12,7,2,0,0,0,0
RCN08883,VN,2017,WT,noCRT,0,0,0,0,0,0,0,0,0,0,0,0
RCN08884,VN,2017,WT,noCRT,0,0,0,0,0,0,0,0,0,0,0,0
RCN08887,VN,2017,-,noCRT,0,0,0,0,0,0,0,0,0,0,0,0
RCN08888,VN,2017,Het,noCRT,0,0,0,0,0,0,0,0,0,0,0,0
RCN08889,VN,2017,WT,noCRT,0,0,0,0,0,0,0,0,0,0,0,0
RCN08890,VN,2017,-,noCRT,0,0,0,0,0,0,0,0,0,0,0,0
RCN08891,VN,2017,WT,noCRT,0,0,0,0,0,0,0,0,0,0,0,0
RCN08892,VN,2017,-,noCRT,0,0,0,0,0,0,0,0,0,0,0,0
RCN08922,LA,2017,WT,noCRT,0,0,0,0,0,0,0,0,0,0,0,0
RCN08923,LA,2017,WT,noCRT,0,0,0,0,0,0,0,0,0,0,0,0
RCN08925,LA,2017,WT,noCRT,0,0,0,0,0,0,0,0,0,0,0,0
RCN08926,LA,2017,C580Y,T93S,18,6,11,18,6,11,0,17,19,0,0,0
RCN08927,LA,2017,WT,noCRT,0,0,0,0,0,0,0,0,0,0,0,0
RCN08929,LA,2017,C580Y,T93S,0,18,9,0,18,9,6,15,5,0,0,0
RCN08930,LA,2017,WT,noCRT,0,0,0,0,0,0,0,0,0,0,0,0
RCN08931,LA,2017,C580Y,T93S,7,8,16,7,8,16,15,3,4,0,0,0
RCN08933,LA,2017,WT,noCRT,0,0,0,0,0,0,0,0,0,0,0,0
RCN08934,LA,2017,WT,noCRT,0,0,0,0,0,0,0,0,0,0,0,0
RCN08935,LA,2017,WT,noCRT,0,0,0,0,0,0,0,0,0,0,0,0
RCN08936,LA,2017,WT,noCRT,0,0,0,0,0,0,0,0,0,0,0,0
RCN08937,LA,2017,WT,noCRT,0,0,0,0,0,0,0,0,0,0,0,0
RCN08938,LA,2017,WT,noCRT,0,0,0,0,0,0,0,0,0,0,0,0
RCN08939,LA,2017,WT,noCRT,0,0,0,0,0,0,0,0,0,0,0,0
RCN08941,LA,2017,WT,noCRT,0,0,0,0,0,0,0,0,0,0,0,0
RCN08942,LA,2017,C580Y,F145I,16,16,12,16,16,12,7,2,0,0,0,0
RCN08943,LA,2017,WT,noCRT,0,0,0,0,0,0,0,0,0,0,0,0
RCN08945,LA,2017,WT,noCRT,0,0,0,0,0,0,0,0,0,0,0,0
RCN08946,LA,2017,WT,noCRT,0,0,0,0,0,0,0,0,0,0,0,0
RCN08947,LA,2017,WT,noCRT,0,0,0,0,0,0,0,0,0,0,0,0
RCN08949,LA,2017,WT,noCRT,0,0,0,0,0,0,0,0,0,0,0,0
RCN08950,LA,2017,WT,noCRT,0,0,0,0,0,0,0,0,0,0,0,0
RCN08951,LA,2017,WT,noCRT,0,0,0,0,0,0,0,0,0,0,0,0
RCN08952,LA,2017,WT,noCRT,0,0,0,0,0,0,0,0,0,0,0,0
RCN08953,LA,2017,WT,noCRT,0,0,0,0,0,0,0,0,0,0,0,0
RCN08954,LA,2017,WT,noCRT,0,0,0,0,0,0,0,0,0,0,0,0
RCN08957,LA,2017,WT,noCRT,0,0,0,0,0,0,0,0,0,0,0,0
RCN08958,LA,2017,C580Y,I218F,11,7,15,11,7,15,9,11,14,0,0,0
RCN08959,LA,2017,C580Y,F145I,16,16,12,16,16,12,7,2,0,0,0,0
RCN08960,LA,2017,C580Y,I218F,0,18,9,0,18,9,6,15,5,0,0,0
RCN08961,LA,2017,C580Y,noCRT,0,0,0,0,0,0,0,0,0,0,0,0
RCN08962,LA,2017,WT,noCRT,0,0,0,0,0,0,0,0,0,0,0,0
RCN08963,LA,2017,C580Y,het,19,17,0,19,17,0,19,18,12,0,0,0
RCN08966,LA,2017,C580Y,F145I,16,16,12,16,16,12,7,2,0,0,0,0
RCN08971,LA,2017,C580Y,F145I,16,16,12,16,16,12,7,2,0,0,0,0
RCN08973,LA,2017,WT,noCRT,0,0,0,0,0,0,0,0,0,0,0,0
RCN08974,LA,2017,WT,noCRT,0,0,0,0,0,0,0,0,0,0,0,0
RCN08975,LA,2017,C580Y,F145I,0,0,0,0,0,0,0,0,0,0,0,0
RCN08976,LA,2017,C580Y,T93S,1,15,1,1,15,1,18,6,21,0,0,0
RCN08977,LA,2017,C580Y,I218F,11,7,15,11,7,15,9,11,14,0,0,0
RCN08978,LA,2017,WT,noCRT,0,0,0,0,0,0,0,0,0,0,0,0
RCN08979,LA,2017,WT,noCRT,0,0,0,0,0,0,0,0,0,0,0,0
RCN08981,LA,2017,R539T,noCRT,0,0,0,0,0,0,0,0,0,0,0,0
RCN08982,LA,2017,R539T,noCRT,0,0,0,0,0,0,0,0,0,0,0,0
RCN08984,LA,2017,C580Y,noCRT,0,0,0,0,0,0,0,0,0,0,0,0
RCN08985,LA,2017,C580Y,I218F,0,18,9,0,18,9,6,15,5,0,0,0
RCN08987,LA,2017,C580Y,I218F,0,18,9,0,18,9,6,15,5,0,0,0
RCN08989,LA,2017,C580Y,het,0,0,0,0,0,0,0,0,0,0,0,0
RCN08990,LA,2017,C580Y,het,11,7,15,11,7,15,9,11,14,0,0,0
RCN08991,LA,2017,C580Y,T93S,18,6,11,18,6,11,0,17,19,0,0,0
RCN08992,LA,2017,Het,het,17,13,17,17,13,17,12,12,6,0,0,0
RCN08993,LA,2017,C580Y,het,1,15,1,1,15,1,2,4,11,0,0,0
RCN08994,LA,2017,C580Y,F145I,16,16,12,16,16,12,7,2,0,0,0,0
RCN08995,LA,2017,C580Y,noCRT,17,13,17,17,13,17,12,12,6,0,0,0
RCN08998,LA,2017,C580Y,F145I,16,16,12,16,16,12,7,2,0,0,0,0
RCN08999,LA,2017,C580Y,het,19,17,0,19,17,0,19,18,12,0,0,0
RCN09000,LA,2017,C580Y,T93S,18,6,11,18,6,11,0,17,19,0,0,0
RCN09001,LA,2017,C580Y,het,0,0,0,0,0,0,0,0,0,0,0,0
RCN09002,LA,2017,C580Y,T93S,18,6,11,18,6,11,0,17,19,0,0,0
RCN09003,LA,2017,C580Y,T93S,0,0,0,0,0,0,0,0,0,0,0,0
RCN09006,LA,2017,C580Y,het,16,16,12,16,16,12,7,2,0,0,0,0
RCN09007,LA,2017,C580Y,het,16,16,12,16,16,12,7,2,0,0,0,0
RCN09010,LA,2017,Het,het,2,1,3,2,1,3,14,8,20,0,0,0
RCN09011,LA,2017,C580Y,I218F,11,7,15,11,7,15,9,11,14,0,0,0
RCN09012,LA,2017,C580Y,I218F,11,7,15,11,7,15,9,11,14,0,0,0
RCN09014,LA,2017,WT,noCRT,0,0,0,0,0,0,0,0,0,0,0,0
RCN09016,LA,2017,C580Y,I218F,0,18,9,0,18,9,6,15,5,0,0,0
RCN09018,LA,2017,C580Y,I218F,0,18,9,0,18,9,6,15,5,0,0,0
RCN09019,LA,2017,C580Y,I218F,0,18,9,0,18,9,6,15,5,0,0,0
RCN09020,LA,2017,C580Y,I218F,11,7,15,11,7,15,9,11,14,0,0,0
RCN09021,LA,2017,C580Y,I218F,0,18,9,0,18,9,6,15,5,0,0,0
RCN09022,LA,2017,C580Y,het,8,4,4,8,4,4,4,13,18,0,0,0
RCN09023,LA,2017,C580Y,I218F,11,7,15,11,7,15,9,11,14,0,0,0
RCN09024,LA,2017,C580Y,F145I,16,16,12,16,16,12,7,2,0,0,0,0
RCN09025,LA,2017,C580Y,I218F,0,18,9,0,18,9,6,15,5,0,0,0
RCN09027,LA,2017,C580Y,noCRT,0,0,0,0,0,0,0,0,0,0,0,0
RCN09029,LA,2017,WT,noCRT,0,0,0,0,0,0,0,0,0,0,0,0
RCN09031,LA,2017,WT,noCRT,0,0,0,0,0,0,0,0,0,0,0,0
RCN09032,LA,2017,WT,noCRT,0,0,0,0,0,0,0,0,0,0,0,0
RCN09033,LA,2017,WT,noCRT,0,0,0,0,0,0,0,0,0,0,0,0
RCN09034,LA,2017,C580Y,noCRT,0,18,9,0,18,9,6,15,5,0,0,0
RCN09035,LA,2017,WT,noCRT,0,0,0,0,0,0,0,0,0,0,0,0
RCN09036,LA,2017,WT,noCRT,0,0,0,0,0,0,0,0,0,0,0,0
RCN09037,LA,2017,C580Y,noCRT,0,0,0,0,0,0,0,0,0,0,0,0
RCN09038,LA,2017,K13-other,noCRT,0,0,0,0,0,0,0,0,0,0,0,0
RCN09039,LA,2017,K13-other,noCRT,0,0,0,0,0,0,0,0,0,0,0,0
RCN09040,LA,2017,C580Y,noCRT,0,0,0,0,0,0,0,0,0,0,0,0
RCN09041,LA,2017,WT,noCRT,0,0,0,0,0,0,0,0,0,0,0,0
RCN09042,LA,2017,WT,noCRT,0,0,0,0,0,0,0,0,0,0,0,0
RCN09043,LA,2017,WT,noCRT,0,0,0,0,0,0,0,0,0,0,0,0
RCN09044,LA,2017,WT,noCRT,0,0,0,0,0,0,0,0,0,0,0,0
RCN09045,LA,2017,Het,noCRT,0,0,0,0,0,0,0,0,0,0,0,0
RCN09046,LA,2017,C580Y,noCRT,0,0,0,0,0,0,0,0,0,0,0,0
RCN09047,LA,2017,WT,noCRT,0,0,0,0,0,0,0,0,0,0,0,0
RCN09048,LA,2017,WT,noCRT,0,0,0,0,0,0,0,0,0,0,0,0
RCN09049,LA,2017,WT,noCRT,0,0,0,0,0,0,0,0,0,0,0,0
RCN09050,LA,2017,WT,noCRT,0,0,0,0,0,0,0,0,0,0,0,0
RCN09052,LA,2017,WT,H97L,0,0,0,0,0,0,0,0,0,0,0,0
RCN09053,LA,2017,C580Y,H97L,0,0,0,0,0,0,0,0,0,0,0,0
RCN09054,LA,2017,C580Y,H97L,0,0,0,0,0,0,0,0,0,0,0,0
RCN09055,LA,2017,C580Y,noCRT,0,0,0,0,0,0,0,0,0,0,0,0
RCN09056,LA,2017,C580Y,H97L,0,0,0,0,0,0,0,0,0,0,0,0
RCN09057,LA,2017,C580Y,H97L,0,0,0,0,0,0,0,0,0,0,0,0
RCN09058,LA,2017,C580Y,noCRT,0,0,0,0,0,0,0,0,0,0,0,0
RCN09059,LA,2017,C580Y,noCRT,0,0,0,0,0,0,0,0,0,0,0,0
RCN09060,LA,2017,C580Y,noCRT,0,0,0,0,0,0,0,0,0,0,0,0
RCN09061,LA,2017,WT,H97L,0,0,0,0,0,0,0,0,0,0,0,0
RCN09062,LA,2017,C580Y,noCRT,0,0,0,0,0,0,0,0,0,0,0,0
RCN09063,LA,2017,WT,noCRT,0,0,0,0,0,0,0,0,0,0,0,0
RCN09064,LA,2017,WT,noCRT,0,0,0,0,0,0,0,0,0,0,0,0
RCN09065,LA,2017,WT,noCRT,0,0,0,0,0,0,0,0,0,0,0,0
RCN09066,LA,2017,WT,noCRT,0,0,0,0,0,0,0,0,0,0,0,0
RCN09069,LA,2017,WT,noCRT,0,0,0,0,0,0,0,0,0,0,0,0
RCN09070,LA,2017,WT,noCRT,0,0,0,0,0,0,0,0,0,0,0,0
RCN09071,LA,2017,WT,noCRT,0,0,0,0,0,0,0,0,0,0,0,0
RCN09072,LA,2017,WT,noCRT,0,0,0,0,0,0,0,0,0,0,0,0
RCN09073,LA,2017,WT,noCRT,0,0,0,0,0,0,0,0,0,0,0,0
RCN09074,LA,2017,WT,noCRT,0,0,0,0,0,0,0,0,0,0,0,0
RCN09075,LA,2017,WT,noCRT,0,0,0,0,0,0,0,0,0,0,0,0
RCN09076,LA,2017,WT,noCRT,0,0,0,0,0,0,0,0,0,0,0,0
RCN09077,LA,2017,WT,noCRT,0,0,0,0,0,0,0,0,0,0,0,0
RCN09079,LA,2017,WT,noCRT,0,0,0,0,0,0,0,0,0,0,0,0
RCN09080,LA,2017,WT,noCRT,0,0,0,0,0,0,0,0,0,0,0,0
RCN09081,LA,2017,WT,noCRT,0,0,0,0,0,0,0,0,0,0,0,0
RCN09082,LA,2017,WT,noCRT,0,0,0,0,0,0,0,0,0,0,0,0
RCN09083,LA,2017,WT,noCRT,0,0,0,0,0,0,0,0,0,0,0,0
RCN09084,LA,2017,WT,noCRT,0,0,0,0,0,0,0,0,0,0,0,0
RCN09088,LA,2017,WT,noCRT,0,0,0,0,0,0,0,0,0,0,0,0
RCN09093,LA,2017,WT,noCRT,0,0,0,0,0,0,0,0,0,0,0,0
RCN09095,LA,2017,WT,noCRT,0,0,0,0,0,0,0,0,0,0,0,0
RCN09096,LA,2017,WT,noCRT,0,0,0,0,0,0,0,0,0,0,0,0
RCN09098,LA,2017,WT,noCRT,0,0,0,0,0,0,0,0,0,0,0,0
RCN09103,LA,2017,WT,noCRT,0,0,0,0,0,0,0,0,0,0,0,0
RCN09105,LA,2017,WT,noCRT,0,0,0,0,0,0,0,0,0,0,0,0
RCN09106,LA,2017,WT,noCRT,0,0,0,0,0,0,0,0,0,0,0,0
RCN09110,LA,2017,WT,noCRT,0,0,0,0,0,0,0,0,0,0,0,0
RCN09111,LA,2017,WT,noCRT,0,0,0,0,0,0,0,0,0,0,0,0
RCN09112,LA,2017,WT,noCRT,0,0,0,0,0,0,0,0,0,0,0,0
RCN09113,LA,2017,WT,noCRT,0,0,0,0,0,0,0,0,0,0,0,0
RCN09114,LA,2017,WT,noCRT,0,0,0,0,0,0,0,0,0,0,0,0
RCN09115,LA,2017,WT,noCRT,0,0,0,0,0,0,0,0,0,0,0,0
RCN09116,LA,2017,WT,noCRT,0,0,0,0,0,0,0,0,0,0,0,0
RCN09117,LA,2017,WT,noCRT,0,0,0,0,0,0,0,0,0,0,0,0
RCN09118,LA,2017,WT,noCRT,0,0,0,0,0,0,0,0,0,0,0,0
RCN09119,LA,2017,WT,noCRT,0,0,0,0,0,0,0,0,0,0,0,0
RCN09120,LA,2017,WT,noCRT,0,0,0,0,0,0,0,0,0,0,0,0
RCN09121,LA,2017,WT,noCRT,0,0,0,0,0,0,0,0,0,0,0,0
RCN09122,LA,2017,WT,noCRT,0,0,0,0,0,0,0,0,0,0,0,0
RCN09126,LA,2017,WT,noCRT,0,0,0,0,0,0,0,0,0,0,0,0
RCN09127,LA,2017,WT,noCRT,0,0,0,0,0,0,0,0,0,0,0,0
RCN09128,LA,2017,WT,noCRT,0,0,0,0,0,0,0,0,0,0,0,0
RCN09129,LA,2017,WT,noCRT,0,0,0,0,0,0,0,0,0,0,0,0
RCN09130,LA,2017,Het,noCRT,0,0,0,0,0,0,0,0,0,0,0,0
RCN09131,LA,2017,WT,noCRT,0,0,0,0,0,0,0,0,0,0,0,0
RCN09132,LA,2017,WT,noCRT,0,0,0,0,0,0,0,0,0,0,0,0
RCN09133,LA,2017,WT,noCRT,0,0,0,0,0,0,0,0,0,0,0,0
RCN09134,LA,2017,C580Y,noCRT,0,0,0,0,0,0,0,0,0,0,0,0
RCN09135,LA,2017,C580Y,H97L,0,0,0,0,0,0,0,0,0,0,0,0
RCN09136,LA,2017,C580Y,H97L,0,0,0,0,0,0,0,0,0,0,0,0
RCN09137,LA,2017,WT,noCRT,0,0,0,0,0,0,0,0,0,0,0,0
RCN09138,LA,2017,WT,noCRT,0,0,0,0,0,0,0,0,0,0,0,0
RCN09139,LA,2017,WT,noCRT,0,0,0,0,0,0,0,0,0,0,0,0
RCN09140,LA,2017,WT,noCRT,0,0,0,0,0,0,0,0,0,0,0,0
RCN09141,LA,2017,WT,noCRT,0,0,0,0,0,0,0,0,0,0,0,0
RCN09143,LA,2017,WT,noCRT,0,0,0,0,0,0,0,0,0,0,0,0
RCN09144,LA,2017,WT,noCRT,0,0,0,0,0,0,0,0,0,0,0,0
RCN09145,LA,2017,WT,noCRT,0,0,0,0,0,0,0,0,0,0,0,0
RCN09146,LA,2017,WT,noCRT,0,0,0,0,0,0,0,0,0,0,0,0
RCN09147,LA,2017,WT,noCRT,0,0,0,0,0,0,0,0,0,0,0,0
RCN09148,LA,2017,WT,noCRT,0,0,0,0,0,0,0,0,0,0,0,0
RCN09149,LA,2017,WT,noCRT,0,0,0,0,0,0,0,0,0,0,0,0
RCN09150,LA,2017,WT,noCRT,0,0,0,0,0,0,0,0,0,0,0,0
RCN09151,LA,2017,WT,noCRT,0,0,0,0,0,0,0,0,0,0,0,0
RCN09155,LA,2017,WT,noCRT,0,0,0,0,0,0,0,0,0,0,0,0
RCN09156,LA,2017,WT,noCRT,0,0,0,0,0,0,0,0,0,0,0,0
RCN09157,LA,2017,WT,noCRT,0,0,0,0,0,0,0,0,0,0,0,0
RCN09158,LA,2017,WT,noCRT,0,0,0,0,0,0,0,0,0,0,0,0
RCN09159,LA,2017,WT,noCRT,0,0,0,0,0,0,0,0,0,0,0,0
RCN09160,LA,2017,WT,noCRT,0,0,0,0,0,0,0,0,0,0,0,0
RCN09161,LA,2017,WT,noCRT,0,0,0,0,0,0,0,0,0,0,0,0
RCN09162,LA,2017,WT,noCRT,0,0,0,0,0,0,0,0,0,0,0,0
RCN09163,LA,2017,WT,noCRT,0,0,0,0,0,0,0,0,0,0,0,0
RCN09164,LA,2017,WT,noCRT,0,0,0,0,0,0,0,0,0,0,0,0
RCN09165,LA,2017,WT,noCRT,0,0,0,0,0,0,0,0,0,0,0,0
RCN09166,LA,2017,WT,noCRT,0,0,0,0,0,0,0,0,0,0,0,0
RCN09167,LA,2017,WT,noCRT,0,0,0,0,0,0,0,0,0,0,0,0
RCN09168,LA,2017,C580Y,het,16,16,12,16,16,12,7,2,0,0,0,0
RCN09170,LA,2017,WT,noCRT,0,0,0,0,0,0,0,0,0,0,0,0
RCN09220,VN,2017,WT,noCRT,0,0,0,0,0,0,0,0,0,0,0,0
RCN09225,VN,2017,P553L,missing,0,0,0,0,0,0,0,0,0,0,0,0
RCN09226,VN,2017,P553L,missing,0,0,0,0,0,0,0,0,0,0,0,0
RCN09229,VN,2017,P553L,noCRT,0,0,0,0,0,0,0,0,0,0,0,0
RCN09230,VN,2017,P553L,noCRT,0,0,0,0,0,0,0,0,0,0,0,0
RCN09234,VN,2017,C580Y,noCRT,0,0,0,0,0,0,0,0,0,0,0,0
RCN09235,VN,2017,C580Y,T93S,8,4,4,8,4,4,4,13,18,0,0,0
RCN09236,VN,2017,C580Y,T93S,1,15,1,1,15,1,2,4,11,0,0,0
RCN09238,VN,2017,C580Y,T93S,0,18,9,0,18,9,6,15,5,0,0,0
RCN09239,VN,2017,WT,noCRT,0,0,0,0,0,0,0,0,0,0,0,0
RCN09240,VN,2017,C580Y,T93S,1,15,1,1,15,1,2,4,11,0,0,0
RCN09241,VN,2017,C580Y,T93S,8,4,4,8,4,4,4,13,18,0,0,0
RCN09245,VN,2017,C580Y,T93S,1,15,1,1,15,1,2,4,11,0,0,0
RCN09250,VN,2017,C580Y,het,11,7,15,11,7,15,9,11,14,0,0,0
RCN09251,VN,2017,C580Y,T93S,11,7,15,11,7,15,9,11,14,0,0,0
RCN09254,VN,2017,C580Y,H97Y,11,7,13,11,7,13,10,5,21,0,0,0
RCN09258,VN,2017,C580Y,I218F,9,8,16,9,8,16,15,3,4,0,0,0
RCN09259,VN,2017,C580Y,I218F,11,7,15,11,7,15,9,11,14,0,0,0
RCN09260,VN,2017,C580Y,I218F,11,7,15,11,7,15,9,11,14,0,0,0
RCN09261,VN,2017,C580Y,noCRT,6,14,10,6,14,10,17,7,17,0,0,0
RCN09262,VN,2017,C580Y,T93S,1,15,1,1,15,1,2,4,11,0,0,0
RCN09264,VN,2017,C580Y,missing,9,8,16,9,8,16,15,3,4,0,0,0
RCN09265,VN,2017,C580Y,I218F,9,8,16,9,8,16,15,3,4,0,0,0
RCN09266,VN,2017,C580Y,het,9,8,16,9,8,16,15,3,4,0,0,0
RCN09268,VN,2017,C580Y,T93S,9,8,16,9,8,16,15,3,4,0,0,0
RCN09269,VN,2017,C580Y,T93S,13,10,7,13,10,7,5,10,10,0,0,0
RCN09270,VN,2017,C580Y,H97Y,15,12,18,15,12,18,16,0,16,0,0,0
RCN09271,VN,2017,C580Y,T93S,7,8,16,7,8,16,15,3,4,0,0,0
RCN09272,VN,2017,C580Y,T93S,1,15,1,1,15,1,2,4,11,0,0,0
RCN09273,VN,2017,C580Y,M343I,0,18,9,0,18,9,6,15,5,0,0,0
RCN09274,VN,2017,C580Y,T93S,1,15,1,1,15,1,2,4,11,0,0,0
RCN09276,VN,2017,WT,noCRT,0,0,0,0,0,0,0,0,0,0,0,0
RCN09278,VN,2017,C580Y,F145I,3,0,2,3,0,2,20,21,22,0,0,0
RCN09282,VN,2017,WT,noCRT,0,0,0,0,0,0,0,0,0,0,0,0
RCN09283,VN,2017,C580Y,noCRT,6,14,10,6,14,10,17,7,17,0,0,0
RCN09284,VN,2017,C580Y,T93S,1,15,1,1,15,1,2,4,11,0,0,0
RCN09285,VN,2017,R539T,noCRT,0,0,0,0,0,0,0,0,0,0,0,0
RCN10143,VN,2017,Het,het,0,0,0,0,0,0,0,0,0,0,0,0
RCN10145,VN,2017,WT,het,0,0,0,0,0,0,0,0,0,0,0,0
RCN10151,VN,2017,C580Y,I218F,11,7,15,11,7,15,9,11,14,0,0,0
RCN10159,VN,2017,C580Y,T93S,8,4,4,8,4,4,4,13,18,0,0,0
RCN10162,VN,2017,WT,missing,0,0,0,0,0,0,0,0,0,0,0,0
RCN10167,VN,2017,C580Y,I218F,11,7,15,11,7,15,9,11,14,0,0,0
RCN10168,VN,2017,C580Y,het,13,10,7,13,10,7,5,10,10,0,0,0
RCN10169,VN,2017,C580Y,T93S,13,10,7,13,10,7,5,10,10,0,0,0
RCN10170,VN,2017,WT,noCRT,0,0,0,0,0,0,0,0,0,0,0,0
RCN10199,WKH,2017,C580Y,no_nea,2,1,3,2,1,3,14,8,20,0,0,0
RCN10200,WKH,2017,C580Y,T93S,7,8,16,7,8,16,15,3,4,0,0,0
RCN10201,WKH,2017,C580Y,no_nea,2,1,3,2,1,3,14,8,20,0,0,0
RCN10202,WKH,2017,C580Y,no_nea,2,1,3,2,1,3,14,8,20,0,0,0
RCN10203,WKH,2017,C580Y,no_nea,2,1,3,2,1,3,14,8,20,0,0,0
RCN10204,WKH,2017,C580Y,T93S,7,8,16,7,8,16,15,3,4,0,0,0
RCN10205,WKH,2017,C580Y,T93S,7,8,16,7,8,16,15,3,4,0,0,0
RCN10208,WKH,2017,C580Y,H97Y,18,6,11,18,6,11,3,1,1,0,0,0
RCN10238,VN,2017,C580Y,I218F,0,0,0,0,0,0,0,0,0,0,0,0
RCN10244,VN,2017,WT,noCRT,0,0,0,0,0,0,0,0,0,0,0,0
RCN10246,VN,2017,C580Y,F145I,19,17,0,19,17,0,19,18,12,0,0,0
RCN10247,VN,2017,C580Y,I218F,11,7,15,11,7,15,9,11,14,0,0,0
RCN10250,VN,2017,C580Y,missing,11,7,15,11,7,15,9,11,14,0,0,0
RCN10252,VN,2017,C580Y,M343I,10,9,14,10,9,14,13,19,9,0,0,0
RCN10254,VN,2017,C580Y,I218F,0,0,0,0,0,0,0,0,0,0,0,0
RCN10256,VN,2017,C580Y,H97Y,11,7,13,11,7,13,10,5,21,0,0,0
RCN10268,VN,2017,C580Y,M343I,0,0,0,0,0,0,0,0,0,0,0,0
RCN10279,VN,2017,Het,het,11,7,15,11,7,15,18,6,21,0,0,0
RCN10284,VN,2017,C580Y,M343I,10,9,14,10,9,14,13,19,9,0,0,0
RCN10286,VN,2017,C580Y,M343I,10,9,14,10,9,14,13,19,9,0,0,0
RCN10290,VN,2017,C580Y,T93S,1,15,1,1,15,1,2,4,11,0,0,0
RCN10291,VN,2017,C580Y,F145I,19,17,0,19,17,0,19,18,12,0,0,0
RCN10292,VN,2017,C580Y,I218F,11,7,15,11,7,15,9,11,14,0,0,0
RCN10293,VN,2017,C580Y,F145I,16,16,12,16,16,12,7,2,0,0,0,0
RCN10296,VN,2017,C580Y,F145I,16,16,12,16,16,12,7,2,0,0,0,0
RCN10297,VN,2017,C580Y,I218F,11,7,15,11,7,15,9,11,14,0,0,0
RCN10298,VN,2017,C580Y,T93S,1,15,1,1,15,1,2,4,11,0,0,0
RCN10299,VN,2017,C580Y,noCRT,0,0,0,0,0,0,0,0,0,0,0,0
RCN10300,VN,2017,C580Y,I218F,11,7,15,11,7,15,9,11,14,0,0,0
RCN10305,VN,2017,C580Y,F145I,16,16,12,16,16,12,7,2,0,0,0,0
RCN10306,VN,2017,C580Y,I218F,11,7,15,11,7,15,9,11,14,0,0,0
RCN10307,VN,2017,C580Y,I218F,9,8,16,9,8,16,15,3,4,0,0,0
RCN10308,VN,2017,C580Y,I218F,11,7,15,11,7,15,9,11,14,0,0,0
RCN10309,VN,2017,C580Y,T93S,1,15,1,1,15,1,2,4,11,0,0,0
RCN10311,VN,2017,C580Y,F145I,16,16,12,16,16,12,7,2,0,0,0,0
RCN10313,VN,2017,C580Y,T93S,1,15,1,1,15,1,2,4,11,0,0,0
RCN10314,VN,2017,Het,T93S,1,15,1,1,15,1,2,4,11,0,0,0
RCN10315,VN,2017,C580Y,H97Y,15,12,18,15,12,18,16,0,16,0,0,0
RCN10316,VN,2017,C580Y,I218F,11,7,15,11,7,15,9,11,14,0,0,0
RCN10317,VN,2017,C580Y,I218F,11,7,15,11,7,15,9,11,14,0,0,0
RCN10318,VN,2017,C580Y,I218F,11,7,15,11,7,15,9,11,14,0,0,0
RCN10319,VN,2017,C580Y,I218F,10,9,14,10,9,14,18,6,21,0,0,0
RCN10320,VN,2017,C580Y,I218F,11,7,15,11,7,15,9,11,14,0,0,0
RCN10321,VN,2017,C580Y,T93S,1,15,1,1,15,1,2,4,11,0,0,0
RCN10322,VN,2017,C580Y,T93S,1,15,1,1,15,1,2,4,11,0,0,0
RCN10323,VN,2017,C580Y,T93S,1,15,1,1,15,1,2,4,11,0,0,0
RCN10324,VN,2017,C580Y,T93S,1,15,1,1,15,1,2,4,11,0,0,0
RCN10325,VN,2017,C580Y,F145I,19,17,0,19,17,0,19,18,12,0,0,0
RCN10330,VN,2017,C580Y,F145I,3,0,2,3,0,2,20,21,22,0,0,0
RCN10332,VN,2017,WT,H97Y,0,0,0,0,0,0,0,0,0,0,0,0
RCN10333,VN,2017,C580Y,noCRT,6,14,10,6,14,10,17,7,17,0,0,0
RCN10337,VN,2017,Het,T93S,1,15,1,1,15,1,2,4,11,0,0,0
RCN10338,VN,2017,K13-other,noCRT,0,0,0,0,0,0,0,0,0,0,0,0
RCN10339,VN,2017,WT,noCRT,0,0,0,0,0,0,0,0,0,0,0,0
RCN10340,VN,2017,WT,noCRT,0,0,0,0,0,0,0,0,0,0,0,0
RCN10341,VN,2017,WT,noCRT,0,0,0,0,0,0,0,0,0,0,0,0
RCN10345,VN,2017,C580Y,T93S,1,15,1,1,15,1,2,4,11,0,0,0
RCN10346,VN,2017,C580Y,T93S,1,15,1,1,15,1,2,4,11,0,0,0
RCN10347,VN,2017,WT,noCRT,0,0,0,0,0,0,0,0,0,0,0,0
RCN10348,VN,2017,C580Y,noCRT,6,14,10,6,14,10,17,7,17,0,0,0
RCN10349,VN,2017,WT,noCRT,0,0,0,0,0,0,0,0,0,0,0,0
RCN10350,VN,2017,C580Y,T93S,1,15,1,1,15,1,2,4,11,0,0,0
RCN10351,VN,2017,C580Y,het,0,0,0,0,0,0,0,0,0,0,0,0
RCN10352,VN,2017,C580Y,noCRT,6,14,10,6,14,10,17,7,17,0,0,0
RCN10353,VN,2017,C580Y,T93S,3,0,2,3,0,2,20,21,22,0,0,0
RCN10354,VN,2017,C580Y,I218F,11,7,15,11,7,15,9,11,14,0,0,0
RCN10356,VN,2017,WT,noCRT,0,0,0,0,0,0,0,0,0,0,0,0
RCN10357,VN,2017,WT,noCRT,0,0,0,0,0,0,0,0,0,0,0,0
RCN10362,VN,2017,C580Y,noCRT,0,0,0,0,0,0,0,0,0,0,0,0
RCN10363,VN,2017,C580Y,T93S,1,15,1,1,15,1,2,4,11,0,0,0
RCN10364,VN,2017,C580Y,T93S,1,15,1,1,15,1,2,4,11,0,0,0
RCN10365,VN,2017,C580Y,T93S,1,15,1,1,15,1,2,4,11,0,0,0
RCN10370,VN,2017,C580Y,I218F,9,8,16,9,8,16,15,3,4,0,0,0
RCN10372,VN,2017,WT,het,0,0,0,0,0,0,0,0,0,0,0,0
RCN10373,VN,2017,C580Y,T93S,18,6,11,18,6,11,3,1,1,0,0,0
RCN10377,VN,2017,C580Y,I218F,9,8,16,9,8,16,15,3,4,0,0,0
RCN10379,VN,2017,C580Y,I218F,9,8,16,9,8,16,15,3,4,0,0,0
RCN10380,VN,2017,WT,noCRT,0,0,0,0,0,0,0,0,0,0,0,0
RCN10381,VN,2017,C580Y,I218F,9,8,16,9,8,16,15,3,4,0,0,0
RCN10382,VN,2017,C580Y,I218F,9,8,16,9,8,16,15,3,4,0,0,0
RCN10384,VN,2017,C580Y,T93S,1,15,1,1,15,1,2,4,11,0,0,0
RCN10385,VN,2017,WT,noCRT,0,0,0,0,0,0,0,0,0,0,0,0
RCN10386,VN,2017,C580Y,T93S,12,3,6,12,3,6,5,10,7,0,0,0
RCN10387,VN,2017,C580Y,T93S,12,3,6,12,3,6,5,10,7,0,0,0
RCN10388,VN,2017,WT,noCRT,0,0,0,0,0,0,0,0,0,0,0,0
RCN10390,VN,2017,WT,noCRT,0,0,0,0,0,0,0,0,0,0,0,0
RCN10391,VN,2017,C580Y,T93S,0,0,0,0,0,0,0,0,0,0,0,0
RCN10392,VN,2017,WT,noCRT,0,0,0,0,0,0,0,0,0,0,0,0
RCN10393,VN,2017,WT,noCRT,0,0,0,0,0,0,0,0,0,0,0,0
RCN10396,VN,2017,C580Y,I218F,11,7,15,11,7,15,9,11,14,0,0,0
RCN10397,VN,2017,C580Y,F145I,16,16,12,16,16,12,7,2,0,0,0,0
RCN10398,VN,2017,C580Y,M343I,10,9,14,10,9,14,13,19,9,0,0,0
RCN10399,VN,2017,WT,noCRT,0,0,0,0,0,0,0,0,0,0,0,0
RCN10400,VN,2017,WT,noCRT,0,0,0,0,0,0,0,0,0,0,0,0
RCN10401,VN,2017,WT,noCRT,0,0,0,0,0,0,0,0,0,0,0,0
RCN10402,VN,2017,WT,noCRT,0,0,0,0,0,0,0,0,0,0,0,0
RCN10405,VN,2017,K13-other,noCRT,0,0,0,0,0,0,0,0,0,0,0,0
RCN10406,VN,2017,WT,noCRT,0,0,0,0,0,0,0,0,0,0,0,0
RCN10408,VN,2017,C580Y,M343I,10,9,14,10,9,14,13,19,9,0,0,0
RCN10689,VN,2017,C580Y,T93S,1,15,1,1,15,1,2,4,11,0,0,0
RCN10690,VN,2017,C580Y,T93S,1,15,1,1,15,1,2,4,11,0,0,0
RCN10691,VN,2017,WT,noCRT,0,0,0,0,0,0,0,0,0,0,0,0
RCN10692,VN,2017,C580Y,I218F,11,7,15,11,7,15,9,11,14,0,0,0
RCN10693,VN,2017,C580Y,T93S,12,3,6,12,3,6,5,10,7,0,0,0
RCN10694,VN,2017,C580Y,T93S,12,3,6,12,3,6,5,10,7,0,0,0
RCN10695,VN,2017,C580Y,T93S,13,10,7,13,10,7,5,10,10,0,0,0
RCN10696,VN,2017,C580Y,T93S,12,3,6,12,3,6,5,10,7,0,0,0
RCN10697,VN,2017,C580Y,I218F,11,7,15,11,7,15,9,11,14,0,0,0
RCN10699,VN,2017,C580Y,T93S,12,3,6,12,3,6,5,10,7,0,0,0
RCN10703,VN,2017,C580Y,T93S,8,4,4,8,4,4,4,13,18,0,0,0
RCN10704,VN,2017,Het,het,11,7,15,11,7,15,9,11,14,0,0,0
RCN10706,VN,2017,C580Y,I218F,11,7,15,11,7,15,9,11,14,0,0,0
RCN10707,VN,2017,Het,het,0,0,0,0,0,0,0,0,0,0,0,0
RCN10709,VN,2017,C580Y,het,11,7,15,11,7,15,9,11,14,0,0,0
RCN10710,VN,2017,C580Y,T93S,13,10,7,13,10,7,5,10,10,0,0,0
RCN10712,VN,2017,C580Y,T93S,12,3,6,12,3,6,5,10,7,0,0,0
RCN10715,VN,2017,WT,noCRT,0,0,0,0,0,0,0,0,0,0,0,0
RCN10716,VN,2017,WT,noCRT,0,0,0,0,0,0,0,0,0,0,0,0
RCN10717,VN,2017,WT,noCRT,0,0,0,0,0,0,0,0,0,0,0,0
RCN10718,VN,2017,Het,noCRT,0,0,0,0,0,0,0,0,0,0,0,0
RCN10719,VN,2017,WT,noCRT,0,0,0,0,0,0,0,0,0,0,0,0
RCN10720,VN,2017,WT,noCRT,0,0,0,0,0,0,0,0,0,0,0,0
RCN10721,VN,2017,WT,noCRT,0,0,0,0,0,0,0,0,0,0,0,0
RCN10722,VN,2017,C580Y,I218F,15,7,15,15,7,15,18,6,21,0,0,0
RCN10723,VN,2017,C580Y,T93S,12,3,6,12,3,6,5,10,7,0,0,0
RCN10724,VN,2017,C580Y,T93S,13,10,7,13,10,7,5,10,10,0,0,0
RCN10725,VN,2017,C580Y,T93S,13,10,7,13,10,7,5,10,10,0,0,0
RCN10726,VN,2017,C580Y,T93S,13,10,7,13,10,7,5,10,10,0,0,0
RCN10727,VN,2017,C580Y,T93S,13,10,7,13,10,7,5,10,10,0,0,0
RCN10728,VN,2017,C580Y,T93S,12,3,6,12,3,6,5,10,7,0,0,0
RCN10729,VN,2017,C580Y,het,12,3,6,12,3,6,5,10,7,0,0,0
RCN10730,VN,2017,C580Y,T93S,1,15,1,1,15,1,2,4,11,0,0,0
RCN10731,VN,2017,WT,noCRT,0,0,0,0,0,0,0,0,0,0,0,0
RCN10732,VN,2017,WT,noCRT,0,0,0,0,0,0,0,0,0,0,0,0
RCN10733,VN,2017,C580Y,T93S,13,10,7,13,10,7,5,10,10,0,0,0
RCN10734,VN,2017,C580Y,T93S,12,3,6,12,3,6,5,10,7,0,0,0
RCN10735,VN,2017,C580Y,T93S,1,15,1,1,15,1,2,4,11,0,0,0
RCN10736,VN,2017,C580Y,I218F,11,7,15,11,7,15,9,11,14,0,0,0
RCN10737,VN,2017,C580Y,T93S,12,3,6,12,3,6,5,10,7,0,0,0
RCN10738,VN,2017,C580Y,het,1,15,1,1,15,1,2,4,11,0,0,0
RCN10741,VN,2017,C580Y,T93S,1,15,1,1,15,1,2,4,11,0,0,0
RCN10742,VN,2017,C580Y,T93S,1,15,1,1,15,1,2,4,11,0,0,0
RCN10743,VN,2017,C580Y,T93S,13,10,7,13,10,7,5,10,10,0,0,0
RCN10744,VN,2017,C580Y,I218F,15,7,15,15,7,15,16,0,16,0,0,0
RCN10745,VN,2017,C580Y,het,1,15,1,1,15,1,2,4,11,0,0,0
RCN10746,VN,2017,C580Y,missing,3,0,2,3,20,20,3,1,1,0,0,0
RCN10752,VN,2017,C580Y,noCRT,0,0,0,0,0,0,0,0,0,0,0,0
RCN10761,VN,2017,C580Y,F145I,16,16,12,16,16,12,7,2,0,0,0,0
RCN10762,VN,2017,C580Y,T93S,1,15,1,1,15,1,2,4,11,0,0,0
RCN10764,VN,2017,C580Y,T93S,1,15,1,1,15,1,2,4,11,0,0,0
RCN10766,VN,2017,WT,noCRT,0,0,0,0,0,0,0,0,0,0,0,0
RCN10768,VN,2017,WT,noCRT,0,0,0,0,0,0,0,0,0,0,0,0
RCN10769,VN,2017,WT,noCRT,0,0,0,0,0,0,0,0,0,0,0,0
RCN10770,VN,2017,C580Y,H97L,0,0,0,0,0,0,0,0,0,0,0,0
RCN10772,VN,2017,WT,noCRT,0,0,0,0,0,0,0,0,0,0,0,0
RCN10773,VN,2017,C580Y,H97L,0,0,0,0,0,0,0,0,0,0,0,0
RCN10774,VN,2017,C580Y,H97L,0,0,0,0,0,0,0,0,0,0,0,0
RCN10776,VN,2017,WT,noCRT,0,0,0,0,0,0,0,0,0,0,0,0
RCN10777,VN,2017,WT,noCRT,0,0,0,0,0,0,0,0,0,0,0,0
RCN10778,VN,2017,Het,het,0,0,0,0,0,0,0,0,0,0,0,0
RCN10779,VN,2017,WT,noCRT,0,0,0,0,0,0,0,0,0,0,0,0
RCN10780,VN,2017,WT,noCRT,0,0,0,0,0,0,0,0,0,0,0,0
RCN10781,VN,2017,Het,H97L,0,0,0,0,0,0,0,0,0,0,0,0
RCN10782,VN,2017,WT,noCRT,0,0,0,0,0,0,0,0,0,0,0,0
RCN10783,VN,2017,Het,H97L,0,0,0,0,0,0,0,0,0,0,0,0
RCN10785,VN,2017,C580Y,H97L,0,0,0,0,0,0,0,0,0,0,0,0
RCN10786,VN,2017,C580Y,H97L,0,0,0,0,0,0,0,0,0,0,0,0
RCN10788,VN,2017,WT,noCRT,0,0,0,0,0,0,0,0,0,0,0,0
RCN10789,VN,2017,WT,noCRT,0,0,0,0,0,0,0,0,0,0,0,0
RCN10790,VN,2017,WT,noCRT,0,0,0,0,0,0,0,0,0,0,0,0
RCN10792,VN,2017,WT,noCRT,0,0,0,0,0,0,0,0,0,0,0,0
RCN10794,VN,2017,C580Y,H97L,0,0,0,0,0,0,0,0,0,0,0,0
RCN12358,ETH,2017,C580Y,no_nea,13,9,13,13,9,13,10,5,10,0,0,0
RCN12359,ETH,2017,C580Y,F145I,17,13,17,17,13,17,12,12,6,0,0,0
RCN12362,WKH,2017,C580Y,no_nea,0,0,0,0,0,0,0,0,0,0,0,0
RCN12365,WKH,2017,WT,no_nea,0,0,0,0,0,0,0,0,0,0,0,0
RCN12366,VN,2017,C580Y,T93S,1,15,1,1,15,1,2,4,11,0,0,0
RCN12370,VN,2017,C580Y,T93S,1,15,1,1,15,1,2,4,11,0,0,0
RCN12371,VN,2017,C580Y,T93S,3,0,2,3,0,2,20,21,22,0,0,0
RCN12372,VN,2017,C580Y,T93S,1,15,1,1,15,1,2,4,11,0,0,0
RCN12373,VN,2017,C580Y,F145I,16,16,12,16,16,12,7,2,0,0,0,0
RCN12374,VN,2017,C580Y,T93S,18,6,11,18,6,11,3,1,1,0,0,0
RCN12375,VN,2017,C580Y,no_nea,0,0,0,0,0,0,0,0,0,0,0,0
RCN12376,VN,2017,C580Y,T93S,7,8,16,7,8,16,15,3,4,0,0,0
RCN12377,VN,2017,C580Y,I218F,11,7,15,11,7,15,9,11,14,0,0,0
RCN12378,VN,2017,C580Y,T93S,1,15,1,1,15,1,2,4,11,0,0,0
RCN12380,VN,2017,C580Y,T93S,18,6,11,18,6,11,3,1,1,0,0,0
RCN12381,VN,2017,C580Y,F145I,16,16,12,16,16,12,7,2,0,0,0,0
RCN12382,VN,2017,C580Y,I218F,11,7,15,11,7,15,9,11,14,0,0,0
RCN12383,VN,2017,C580Y,no_nea,6,14,10,6,14,10,17,7,17,0,0,0
RCN12384,VN,2017,WT,no_nea,0,0,0,0,0,0,0,0,0,0,0,0
RCN12385,VN,2017,WT,no_nea,0,0,0,0,0,0,0,0,0,0,0,0
RCN12386,VN,2017,C580Y,het,11,7,15,11,7,15,9,11,14,0,0,0
RCN12387,VN,2017,C580Y,T93S,1,15,1,1,15,1,2,4,11,0,0,0
RCN12388,VN,2017,C580Y,F145I,16,16,12,16,16,12,7,2,0,0,0,0
RCN12389,VN,2017,C580Y,T93S,1,15,1,1,15,1,2,4,11,0,0,0
RCN12391,VN,2017,C580Y,het,11,7,15,11,7,15,9,11,14,0,0,0
RCN12393,VN,2017,C580Y,het,11,7,15,11,7,15,9,11,14,0,0,0
RCN12394,VN,2017,WT,no_nea,0,0,0,0,0,0,0,0,0,0,0,0
RCN12593,ETH,2017,C580Y,I218F,11,7,15,11,7,15,9,11,14,0,0,0
RCN12595,ETH,2017,C580Y,F145I,16,16,12,16,16,12,7,2,0,0,0,0
RCN12599,ETH,2017,C580Y,F145I,16,16,12,16,16,12,7,2,0,0,0,0
RCN12600,ETH,2017,C580Y,I218F,4,19,19,4,19,19,18,6,21,0,0,0
RCN12601,ETH,2017,C580Y,F145I,16,16,12,16,16,12,7,2,0,0,0,0
RCN12602,ETH,2017,C580Y,I218F,11,7,15,11,7,15,9,11,14,0,0,0
RCN12603,ETH,2017,C580Y,I218F,4,19,19,4,19,19,18,6,21,0,0,0
RCN12604,ETH,2017,C580Y,I218F,11,7,15,11,7,15,9,11,14,0,0,0
RCN12606,ETH,2017,C580Y,I218F,0,18,9,0,18,9,6,15,5,0,0,0
RCN12607,ETH,2017,C580Y,no_nea,13,9,13,13,9,13,10,5,10,0,0,0
RCN12608,ETH,2017,C580Y,I218F,15,12,18,15,12,18,16,0,16,0,0,0
RCN12612,ETH,2017,C580Y,H97Y,0,0,0,0,0,0,0,0,0,0,0,0
RCN12613,ETH,2017,C580Y,H97Y,0,0,0,0,0,0,0,0,0,0,0,0
RCN12614,WKH,2017,C580Y,no_nea,13,9,13,13,9,13,10,5,10,0,0,0
RCN12615,WKH,2017,C580Y,T93S,7,8,16,7,8,16,15,3,4,0,0,0
RCN12616,WKH,2017,C580Y,no_nea,13,9,13,13,9,13,10,5,10,0,0,0
RCN12618,WKH,2017,C580Y,no_nea,13,9,13,13,9,13,10,5,10,0,0,0
RCN12619,WKH,2017,WT,H97Y,0,0,0,0,0,0,0,0,0,0,0,0
RCN12620,WKH,2017,C580Y,no_nea,13,9,13,13,9,13,10,5,10,0,0,0
RCN12621,WKH,2017,C580Y,T93S,1,15,1,1,15,1,2,4,11,0,0,0
RCN12622,WKH,2017,C580Y,H97Y,15,12,18,15,12,18,16,0,16,0,0,0
RCN12980,WKH,2016,C580Y,H97Y,5,5,8,5,5,8,18,6,13,0,0,0
RCN12982,WKH,2016,WT,H97Y,0,0,0,0,0,0,0,0,0,0,0,0
RCN12984,WKH,2016,C580Y,H97Y,0,0,0,0,0,0,0,0,0,0,0,0
RCN12986,WKH,2016,C580Y,H97Y,5,5,8,5,5,8,18,6,13,0,0,0
RCN12987,WKH,2016,C580Y,I218F,0,0,0,0,0,0,0,0,0,0,0,0
RCN12990,WKH,2016,C580Y,H97Y,0,0,0,0,0,0,0,0,0,0,0,0
RCN12992,WKH,2016,C580Y,no_nea,13,9,13,13,9,13,10,5,10,0,0,0
RCN12994,WKH,2016,C580Y,no_nea,0,0,0,0,0,0,0,0,0,0,0,0
RCN12995,WKH,2016,C580Y,H97Y,0,0,0,0,0,0,0,0,0,0,0,0
RCN12996,WKH,2016,C580Y,no_nea,3,0,2,3,0,2,20,21,22,0,0,0
RCN12997,WKH,2016,C580Y,no_nea,10,9,14,10,9,14,13,19,9,0,0,0
RCN12999,WKH,2017,C580Y,no_nea,10,9,14,10,9,14,13,19,9,0,0,0
RCN13000,WKH,2017,C580Y,H97Y,0,0,0,0,0,0,0,0,0,0,0,0
RCN13004,WKH,2017,C580Y,H97Y,10,9,14,10,9,14,18,6,21,0,0,0
RCN13005,WKH,2017,C580Y,H97Y,0,0,0,0,0,0,0,0,0,0,0,0
RCN13008,WKH,2017,C580Y,H97Y,0,0,0,0,0,0,0,0,0,0,0,0
RCN13009,WKH,2017,C580Y,H97Y,5,5,8,5,5,8,18,6,13,0,0,0
RCN13010,WKH,2017,C580Y,H97Y,0,0,0,0,0,0,0,0,0,0,0,0
RCN13013,WKH,2017,C580Y,no_nea,10,9,14,10,9,14,13,19,9,0,0,0
RCN13014,WKH,2017,C580Y,H97Y,0,0,0,0,0,0,0,0,0,0,0,0
RCN13015,WKH,2017,C580Y,H97Y,0,0,0,0,0,0,0,0,0,0,0,0
RCN13016,WKH,2017,WT,H97Y,0,0,0,0,0,0,0,0,0,0,0,0
RCN13017,WKH,2017,C580Y,T93S,0,0,0,0,0,0,0,0,0,0,0,0
RCN13018,WKH,2017,C580Y,H97Y,10,9,14,10,9,14,13,19,9,0,0,0
RCN13020,WKH,2017,WT,no_nea,0,0,0,0,0,0,0,0,0,0,0,0
RCN13023,WKH,2017,C580Y,H97Y,0,0,0,0,0,0,0,0,0,0,0,0
RCN13025,WKH,2017,C580Y,no_nea,4,19,19,4,19,19,11,14,15,0,0,0
RCN13027,WKH,2017,C580Y,missing,10,9,14,10,9,14,13,19,9,0,0,0
RCN13028,WKH,2017,C580Y,H97Y,0,0,0,0,0,0,0,0,0,0,0,0
RCN13032,WKH,2017,C580Y,H97Y,0,0,0,0,0,0,0,0,0,0,0,0
RCN13034,WKH,2017,Y493H,no_nea,0,0,0,0,0,0,0,0,0,0,0,0
RCN13036,WKH,2017,Y493H,het,0,0,0,0,0,0,0,0,0,0,0,0
RCN13037,WKH,2017,Y493H,no_nea,0,0,0,0,0,0,0,0,0,0,0,0
RCN13039,WKH,2017,C580Y,no_nea,10,9,14,10,9,14,13,19,9,0,0,0
RCN13044,WKH,2018,C580Y,H97Y,0,0,0,0,0,0,0,0,0,0,0,0
RCN13045,WKH,2018,C580Y,T93S,0,0,0,0,0,0,0,0,0,0,0,0
RCN13048,NEKH,2017,C580Y,T93S,8,4,4,8,4,4,4,13,18,0,0,0
RCN13049,NEKH,2017,WT,no_nea,0,0,0,0,0,0,0,0,0,0,0,0
RCN13050,NEKH,2017,C580Y,F145I,16,16,12,16,16,12,7,2,0,0,0,0
RCN13051,NEKH,2017,C580Y,T93S,1,15,1,1,15,1,2,4,11,0,0,0
RCN13052,NEKH,2017,WT,no_nea,0,0,0,0,0,0,0,0,0,0,0,0
RCN13053,NEKH,2007,C580Y,T93S,0,0,0,0,0,0,0,0,0,0,0,0
RCN13054,NEKH,2017,C580Y,H97Y,0,0,0,0,0,0,0,0,0,0,0,0
RCN13056,NEKH,2017,C580Y,no_nea,0,18,9,0,18,9,6,15,5,0,0,0
RCN13057,NEKH,2017,C580Y,no_nea,0,0,0,0,0,0,0,0,0,0,0,0
RCN13058,NEKH,2017,C580Y,F145I,16,16,12,16,16,12,7,2,0,0,0,0
RCN13059,NEKH,2017,C580Y,het,1,15,1,1,15,1,2,4,11,0,0,0
RCN13061,NEKH,2017,C580Y,I218F,10,11,14,10,11,14,21,20,8,0,0,0
RCN13062,NEKH,2017,C580Y,T93S,0,0,0,0,0,0,0,0,0,0,0,0
RCN13063,NEKH,2017,C580Y,I218F,10,11,14,10,11,14,21,20,8,0,0,0
RCN13065,NEKH,2017,C580Y,T93S,1,15,1,1,15,1,2,4,11,0,0,0
RCN13067,NEKH,2017,WT,no_nea,0,0,0,0,0,0,0,0,0,0,0,0
RCN13068,NEKH,2017,C580Y,I218F,15,7,15,15,7,15,16,0,16,0,0,0
RCN13069,NEKH,2017,C580Y,I218F,11,7,15,11,7,15,9,11,14,0,0,0
RCN13071,NEKH,2017,C580Y,I218F,10,11,14,10,11,14,21,20,8,0,0,0
RCN13072,NEKH,2017,WT,no_nea,0,0,0,0,0,0,0,0,0,0,0,0
RCN13074,NEKH,2017,C580Y,no_nea,0,0,0,0,0,0,0,0,0,0,0,0
RCN13075,NEKH,2017,C580Y,T93S,12,3,6,12,3,6,18,6,21,0,0,0
RCN13076,NEKH,2017,R539T,no_nea,0,0,0,0,0,0,0,0,0,0,0,0
RCN13078,NEKH,2017,C580Y,het,8,4,4,8,4,4,4,13,18,0,0,0
RCN13079,NEKH,2017,C580Y,no_nea,0,18,9,0,18,9,6,15,5,0,0,0
RCN13080,NEKH,2017,C580Y,I218F,0,0,0,0,0,0,0,0,0,0,0,0
RCN13081,NEKH,2017,C580Y,no_nea,0,18,9,0,18,9,6,15,5,0,0,0
RCN13083,NEKH,2017,C580Y,I218F,0,0,0,0,0,0,0,0,0,0,0,0
RCN13084,NEKH,2017,C580Y,H97Y,0,0,0,0,0,0,0,0,0,0,0,0
RCN13085,NEKH,2017,WT,no_nea,0,0,0,0,0,0,0,0,0,0,0,0
RCN13086,NEKH,2017,C580Y,H97Y,0,0,0,0,0,0,0,0,0,0,0,0
RCN13087,NEKH,2017,C580Y,no_nea,13,9,13,13,9,13,10,5,10,0,0,0
RCN13088,NEKH,2017,C580Y,T93S,18,6,11,18,6,11,3,1,1,0,0,0
RCN13089,NEKH,2017,C580Y,T93S,0,0,0,0,0,0,0,0,0,0,0,0
RCN13090,NEKH,2017,C580Y,H97Y,0,0,0,0,0,0,0,0,0,0,0,0
RCN13093,NEKH,2017,WT,no_nea,0,0,0,0,0,0,0,0,0,0,0,0
RCN13097,NEKH,2017,C580Y,T93S,12,3,6,12,3,6,18,6,21,0,0,0
RCN13098,NEKH,2017,C580Y,T93S,12,3,6,12,3,6,18,6,21,0,0,0
RCN13100,NEKH,2018,C580Y,T93S,1,15,1,1,15,1,2,4,11,0,0,0
RCN13101,NEKH,2018,WT,H97Y,0,0,0,0,0,0,0,0,0,0,0,0
RCN13103,NEKH,2018,C580Y,no_nea,12,3,6,12,3,6,18,6,21,0,0,0
